pCD3z(),pSLP76(),pErk(),pS6()8.80165,0.170535,3.61784,4.12265
2.78475,0.049841,1.06287,1.22271
2.06643,0.0244586,0.511123,0.612595
2.54154,0.0456593,0.967136,1.11874
3.41987,0.0623337,1.34997,1.59672
2.08542,0.039969,0.856658,0.994769
1.03479,0.0131621,0.29113,0.351319
3.14999,0.0455949,0.954502,1.21812
2.96082,0.0359675,0.760643,0.929322
4.04908,0.078592,1.66441,1.89524
1.60118,0.0266727,0.575883,0.676219
1.43178,0.0253374,0.557832,0.654813
2.52021,0.0325425,0.688146,0.808895
1.86794,0.0356535,0.77708,0.907848
0.820932,0.0101696,0.201545,0.251174
2.54777,0.0462521,0.972727,1.12761
2.19295,0.0303689,0.612434,0.703757
3.71636,0.0729666,1.55728,1.795
2.72765,0.0515099,1.09493,1.2625
345.441,0.545438,77.9554,135.935
1.79945,0.0315663,0.666256,0.789067
2.05565,0.032482,0.683208,0.814561
2.76851,0.0531972,1.15449,1.34154
2.41347,0.0330057,0.828323,1.04826
1.35307,0.0217595,0.453227,0.532099
1.44431,0.0281283,0.595024,0.692474
4.03264,0.0674726,1.42192,1.63497
3.65691,0.0690068,1.47097,1.69228
1.51273,0.0220223,0.459624,0.576424
2.36794,0.0367108,0.852198,1.03297
1.67006,0.030307,0.642386,0.739868
3.68963,0.0649853,1.39294,1.61573
2.37265,0.0400206,0.870826,1.0211
0.990062,0.0147191,0.304794,0.409936
2.5241,0.0407157,0.884002,1.07532
1.12373,0.0136799,0.276991,0.328868
2.64298,0.0495487,1.06205,1.22571
2.01864,0.0367793,0.805272,0.947721
4.33164,0.0865924,1.83851,2.11294
3.98147,0.0688925,1.55841,1.85869
1.64632,0.0273261,0.600177,0.715194
1.9849,0.0270017,0.554868,0.648177
3.47928,0.0610941,1.29999,1.50222
3.21336,0.0566374,1.18776,1.36248
2.24867,0.0424884,0.913517,1.06006
1.31264,0.0227095,0.494372,0.576947
0.676917,0.0106169,0.251378,0.310102
1.14761,0.0156518,0.315876,0.362786
0.923817,0.0162556,0.34912,0.408212
1.90399,0.0315682,0.672464,0.782717
1.42314,0.0224357,0.491347,0.57721
2.43328,0.0379045,0.802231,0.944339
1.43874,0.0256114,0.548394,0.64233
5.58993,0.111749,2.40389,2.76008
1.81975,0.0287953,0.600897,0.696615
1.97507,0.0259317,0.569867,0.682438
2.52535,0.0477109,1.00785,1.16382
1.91066,0.0370116,0.794449,0.924545
2.02503,0.0309092,0.663892,0.831156
1.5573,0.0257695,0.579698,0.689084
1.01968,0.0132221,0.294004,0.383961
1.42698,0.0223373,0.537796,0.660339
0.862431,0.00714703,0.18562,0.270155
1.76542,0.0312894,0.684306,0.8035
1.57319,0.0214349,0.436801,0.523516
0.813716,0.00700836,0.1971,0.280367
1.46943,0.0225199,0.485323,0.577831
2.22445,0.032857,0.746893,0.896393
3.10843,0.0561375,1.2072,1.39181
3.17278,0.0550588,1.16932,1.34505
1.0664,0.0197809,0.430112,0.512538
1.67178,0.0252467,0.545631,0.643232
1.07491,0.0142342,0.290402,0.340092
2.04703,0.0268007,0.561978,0.671287
1.55941,0.0232317,0.487373,0.618445
1.57491,0.0304519,0.659496,0.770801
6.85249,0.12796,2.6914,3.0859
4.84623,0.0901365,1.9051,2.26653
2.64563,0.0389189,0.942841,1.16992
1.22465,0.0174123,0.375732,0.452
0.852874,0.0131427,0.293851,0.357635
4.78431,0.0899441,1.92678,2.23788
1.96295,0.0330071,0.718084,0.849315
1.49425,0.0203948,0.418993,0.492447
4.38095,0.0738387,1.69619,2.02871
1.58627,0.0295829,0.634899,0.741114
3.30347,0.0581386,1.26605,1.47209
1.35555,0.0239443,0.503945,0.590021
2.34277,0.0376707,0.782406,0.907219
2.64825,0.0456086,0.965602,1.11045
1.98745,0.0299238,0.639221,0.764328
1.99542,0.033117,0.703915,0.813863
2.86126,0.0392936,0.888192,1.09009
3.14759,0.0551645,1.19904,1.408
1.96273,0.0368711,0.790549,0.907146
5.17862,0.0803631,1.84413,2.22812
1.51975,0.0176118,0.372919,0.474253
2.46239,0.0355888,0.76231,0.935473
2.12724,0.0357766,0.767219,0.898378
1.08745,0.0154122,0.338143,0.412423
2.17483,0.0380154,0.816713,0.943393
3.23412,0.0441833,0.977504,1.25289
1.44988,0.0235827,0.500399,0.587651
3.07341,0.036997,0.984071,1.27646
1.13152,0.0202822,0.431601,0.499555
2.10326,0.0354153,0.769177,0.8971
1.80053,0.0333043,0.714667,0.831426
8.42733,0.146859,3.08657,3.67512
1.31785,0.0258777,0.567324,0.657112
3.7138,0.0598317,1.2478,1.47368
3.50159,0.034841,0.704239,1.17857
2.38626,0.0387531,0.82257,0.960069
2.93605,0.040215,0.962183,1.19336
1.73423,0.0329283,0.702392,0.813181
1.25021,0.01621,0.413255,0.536906
1.47709,0.0279853,0.597337,0.697285
2.18161,0.0422887,0.903125,1.04713
2.23142,0.0302822,0.733442,0.90682
2.59728,0.0330314,0.700163,0.840036
1.50812,0.0269252,0.599124,0.707097
3.24039,0.0615456,1.34162,1.56454
1.4681,0.0254334,0.544558,0.631667
2.11953,0.0302023,0.629372,0.733463
1.35116,0.0177994,0.359174,0.468214
1.87365,0.0304037,0.666406,0.794022
2.85285,0.0461651,1.03525,1.25463
2.60507,0.038447,0.803462,0.9484
2.97867,0.0533184,1.13231,1.31174
1.92291,0.0244592,0.502923,0.603283
1.56241,0.0211575,0.483685,0.604615
3.12121,0.0398255,1.00078,1.26973
3.4965,0.0379008,1.11187,1.49581
3.4271,0.0672268,1.42342,1.62761
1.83232,0.0185613,0.443235,0.571928
2.54285,0.0458159,0.964129,1.10581
2.40453,0.0433992,0.920571,1.05748
2.75899,0.0553915,1.17708,1.34087
3.42136,0.0518166,1.12029,1.32376
3.81352,0.0660766,1.39698,1.61153
2.88195,0.0515743,1.11366,1.30366
1.32894,0.0208349,0.465532,0.55771
1.63503,0.0283507,0.619892,0.732859
2.60485,0.0452134,0.971692,1.16162
2.6804,0.0517265,1.0978,1.26001
0.887551,0.0162038,0.350443,0.418783
1.71523,0.0171292,0.363476,0.552062
3.1346,0.0489317,1.01078,1.16837
2.29045,0.0368244,0.79497,0.94377
1.83255,0.0269313,0.563454,0.657946
0.98783,0.0168937,0.365976,0.437018
2.15845,0.0405647,0.855915,0.987129
1.08142,0.0136966,0.281659,0.326779
2.74448,0.0390856,0.818071,0.958416
3.41776,0.0686566,1.46297,1.67615
2.038,0.0340495,0.747045,0.880734
1.64028,0.0314654,0.6684,0.773864
5.36081,0.104638,2.23957,2.59245
1.52771,0.0301282,0.642274,0.742881
1.66937,0.0295932,0.626288,0.732712
2.02861,0.0190566,0.401065,0.486228
2.15202,0.0394552,0.869292,1.02481
0.926196,0.0140519,0.308373,0.389925
0.955006,0.0151962,0.321266,0.370789
3.40474,0.0640342,1.35424,1.55549
2.95773,0.0577869,1.22234,1.38998
5.09888,0.0921066,1.95122,2.23261
1.60559,0.0310137,0.657009,0.753935
0.959582,0.0137611,0.340402,0.436743
5.74404,0.108263,2.3249,2.67232
2.16203,0.0406069,0.857427,0.986898
3.27161,0.0541857,1.15593,1.40651
0.885307,0.0095519,0.228658,0.285753
2.43971,0.0384299,0.799697,0.950742
2.55851,0.0453596,0.982632,1.14845
3.7928,0.0640006,1.34879,1.54408
5.03759,0.104715,2.23661,2.54822
2.06388,0.0355852,0.759782,0.884212
3.20722,0.0488445,1.0244,1.20725
2.93657,0.0591945,1.25621,1.4307
3.40422,0.0560291,1.16632,1.34877
2.57962,0.0495407,1.05466,1.22735
2.16656,0.0324599,0.707279,0.851647
2.14092,0.0327475,0.716825,0.854131
2.46445,0.0461599,0.985953,1.131
1.54147,0.0259931,0.544442,0.630128
1.41549,0.0217803,0.484105,0.611643
3.02875,0.0550996,1.17961,1.36711
1.66678,0.0175345,0.404954,0.550086
2.01302,0.0344881,0.740216,0.855946
3.50639,0.0638495,1.37086,1.63772
0.77409,0.00836622,0.212161,0.292271
0.994997,0.0127044,0.273225,0.337422
2.89946,0.0490807,1.0757,1.28244
2.19626,0.036217,0.788885,0.961101
1.53324,0.02851,0.603449,0.693911
3.11023,0.0587168,1.26404,1.46931
0.91597,0.0171599,0.363156,0.422514
1.16128,0.0202569,0.43196,0.496398
2.25075,0.0194835,0.636858,0.901719
1.82103,0.0362337,0.768662,0.874722
1.85509,0.0235832,0.488453,0.568057
1.53833,0.0256944,0.533885,0.607441
1.65891,0.027277,0.600866,0.714316
3.63736,0.0615365,1.28618,1.46724
2.36512,0.0366436,0.783705,0.914425
2.65886,0.0475505,1.0282,1.19804
2.55524,0.0491842,1.04026,1.18815
3.3973,0.0645155,1.37986,1.58734
2.53947,0.0443255,0.946217,1.0881
3.49308,0.06632,1.43045,1.64778
1.47348,0.0208557,0.422981,0.484154
2.09228,0.0298708,0.606922,0.725293
2.42373,0.045793,0.973854,1.11341
1.525,0.0289332,0.628037,0.734142
2.03878,0.0374606,0.798537,0.931553
1.65321,0.0240242,0.556933,0.685268
2.23803,0.0394771,0.840716,0.969914
1.2383,0.0170201,0.3464,0.429472
0.937536,0.0161158,0.337435,0.392473
2.26646,0.0323436,0.671274,0.786562
2.54913,0.044972,0.967888,1.13043
1.89749,0.0332421,0.707923,0.825428
1.57809,0.0216843,0.527262,0.682955
2.15651,0.0314853,0.691096,0.824946
3.06623,0.0544167,1.14347,1.31448
2.4662,0.0453338,0.989766,1.15317
2.67063,0.0501995,1.07196,1.2331
2.30493,0.0425403,0.893946,1.02135
1.76357,0.0338943,0.738907,0.853922
1.82054,0.029766,0.63376,0.750132
2.73152,0.0400182,0.829587,0.958086
1.54641,0.0268502,0.562145,0.655879
3.60806,0.0692411,1.49533,1.73369
1.89439,0.0358196,0.762639,0.882717
1.28431,0.0247201,0.531841,0.614878
4.42434,0.0705365,1.55543,1.83073
1.38175,0.0273087,0.57864,0.670635
0.845606,0.0102839,0.217516,0.261193
1.46105,0.0221431,0.47111,0.554104
1.94798,0.0353327,0.77108,0.895068
4.14227,0.0517832,1.09782,1.29482
1.47686,0.0268038,0.57161,0.673279
3.00886,0.0343236,0.844667,1.07557
2.91401,0.050016,1.04239,1.21727
2.50207,0.0372222,0.834379,0.998908
2.66693,0.0491197,1.08933,1.27861
3.40707,0.0582348,1.22265,1.4246
1.61757,0.0240682,0.492754,0.583396
4.56347,0.0857214,1.82931,2.12195
1.96728,0.0357682,0.771455,0.906113
1.69749,0.0300895,0.675458,0.801237
1.74001,0.0323081,0.707616,0.823303
1.52533,0.0268943,0.582893,0.710637
2.05562,0.0361349,0.76482,0.880803
2.93242,0.0528244,1.15135,1.35441
2.25147,0.0451714,0.964429,1.11309
2.62978,0.0216417,0.447723,0.828127
1.1104,0.0196273,0.421794,0.500687
1.89618,0.0206976,0.517983,0.697418
4.21122,0.0800749,1.71383,1.98341
1.43282,0.0221369,0.454703,0.546992
1.03453,0.0157625,0.347043,0.426862
1.71458,0.0249226,0.535718,0.669942
1.73121,0.0325787,0.697886,0.815191
1.6342,0.0308791,0.666693,0.774333
3.03863,0.048351,0.996195,1.13521
1.37509,0.0217443,0.476392,0.567816
4.09706,0.0711718,1.48572,1.70613
2.11702,0.0364578,0.764492,0.888721
1.83442,0.0303435,0.657107,0.766058
1.12244,0.0160855,0.362188,0.434367
0.944384,0.0147171,0.327427,0.405834
2.53392,0.0407766,0.923519,1.11266
1.77456,0.0267263,0.558207,0.656014
1.35774,0.0256376,0.542131,0.631992
3.01627,0.0609317,1.29469,1.47561
1.53297,0.0267404,0.590875,0.69819
1.59702,0.030923,0.662152,0.768919
3.24514,0.0649474,1.37841,1.56854
2.2544,0.032621,0.708446,0.844633
3.55803,0.0631228,1.34453,1.56528
2.49332,0.0446195,0.943205,1.08472
1.51952,0.0270316,0.589972,0.699677
2.40498,0.0274909,0.576177,0.857721
1.73089,0.0268363,0.555647,0.659447
3.23514,0.0625956,1.34315,1.54646
1.78005,0.0347498,0.743895,0.858754
2.42733,0.0440755,0.937949,1.08093
1.79944,0.0266732,0.614803,0.754249
1.61412,0.0230148,0.502814,0.61464
2.29479,0.0375365,0.784728,0.898494
2.05016,0.0366369,0.768937,0.888817
2.06657,0.0369716,0.796605,0.928619
1.22368,0.0196094,0.416704,0.4876
4.03859,0.06682,1.48827,1.77587
1.78038,0.0296983,0.628714,0.749653
1.47557,0.0278316,0.618108,0.72224
2.17879,0.037638,0.799786,0.918727
2.73852,0.0543226,1.1727,1.35128
2.82343,0.0506569,1.09474,1.27327
1.66227,0.0333779,0.709442,0.818235
2.51951,0.0432187,0.954729,1.12929
2.43867,0.0483636,1.04404,1.20774
3.15563,0.053826,1.14981,1.36437
1.03739,0.0151577,0.352614,0.436043
2.43937,0.0410767,0.863662,1.00418
2.31064,0.0358635,0.815779,1.00953
3.75735,0.0584437,1.20654,1.44413
1.46303,0.0200782,0.422387,0.582962
0.843751,0.0105739,0.263999,0.331662
2.41293,0.0259882,0.552243,0.748785
2.67929,0.0461346,1.04606,1.24586
1.8029,0.0325983,0.698485,0.811092
4.8791,0.0962236,2.04525,2.34178
1.31091,0.0225581,0.491276,0.583035
2.46484,0.0438798,0.918646,1.05721
2.80328,0.0402551,0.946166,1.16612
2.37882,0.0373635,0.770762,0.88992
6.50008,0.114187,2.41117,2.78125
1.43777,0.0215578,0.473317,0.563227
1.98528,0.0363846,0.793456,0.930816
4.52733,0.0702601,1.47209,1.74849
1.15473,0.0212191,0.453441,0.528389
2.28689,0.038893,0.815185,0.9436
0.945034,0.0139803,0.288128,0.328971
1.89869,0.0360036,0.765729,0.87515
3.35246,0.0560937,1.17583,1.35741
1.33673,0.0185757,0.406213,0.483686
1.79653,0.0287891,0.598251,0.685761
1.41113,0.0190209,0.381553,0.446589
1.1067,0.016852,0.396587,0.487157
2.84915,0.0520625,1.13534,1.31998
3.65032,0.0430161,1.1117,1.42406
2.78155,0.0435758,0.946455,1.11761
1.05201,0.0151058,0.350668,0.439546
1.11402,0.017015,0.415204,0.520142
1.21406,0.0173813,0.388859,0.488548
1.84891,0.0284157,0.624044,0.733899
2.2102,0.0324381,0.687704,0.802086
2.7984,0.0262525,0.531936,0.925519
2.12208,0.0381329,0.799358,0.923837
1.63919,0.0280053,0.59141,0.680222
0.924778,0.0152143,0.316521,0.360496
1.54279,0.0268772,0.583853,0.686955
2.80434,0.0464342,1.05639,1.25894
1.04163,0.0155959,0.350398,0.425018
0.883274,0.00684924,0.193301,0.323267
2.96956,0.0454155,0.950268,1.21558
3.78034,0.0608286,1.39275,1.673
1.26297,0.0232241,0.503413,0.59579
1.44021,0.0269561,0.590488,0.690033
1.13162,0.0204441,0.440432,0.512404
2.73062,0.0379147,0.891692,1.14687
1.23894,0.0231834,0.503199,0.585436
2.62927,0.0528481,1.13262,1.3025
2.1007,0.0361787,0.76226,0.933632
0.935899,0.0147562,0.333827,0.400601
2.33686,0.0407152,0.864674,0.997834
0.928551,0.0157683,0.346327,0.410583
2.93082,0.0497837,1.05411,1.25541
6.10927,0.103056,2.16742,2.49395
0.806838,0.00807832,0.175585,0.227386
1.77531,0.0278763,0.586448,0.681032
1.13826,0.0191299,0.448233,0.541629
0.999187,0.00698291,0.243203,0.375329
1.68753,0.0302618,0.65454,0.769164
3.69427,0.0723812,1.54981,1.78563
1.95047,0.0291964,0.646564,0.780687
2.05831,0.0371389,0.802788,0.959171
6.86201,0.128023,2.72039,3.11149
1.54195,0.0233493,0.488643,0.570009
2.22837,0.0402561,0.858022,0.999495
1.51952,0.0224962,0.478813,0.562763
1.54382,0.0252673,0.53743,0.643076
2.85906,0.0531896,1.12073,1.27928
2.40711,0.0327337,0.774121,0.957702
1.35873,0.020814,0.427661,0.488281
4.74457,0.0952135,2.03085,2.32978
4.06398,0.074229,1.59246,1.85187
2.42493,0.0406197,0.853064,0.983851
2.22173,0.0411111,0.871753,0.998992
0.924007,0.0114667,0.26214,0.327038
1.4676,0.0233542,0.484815,0.553138
1.22765,0.0215733,0.451369,0.520883
2.99122,0.0474127,1.01536,1.19647
1.92493,0.0346242,0.758541,0.891616
4.62606,0.0716612,1.50367,1.87775
3.24091,0.0629429,1.33068,1.52172
1.88447,0.0338453,0.716489,0.825617
2.44185,0.0443681,0.957874,1.11675
0.74099,0.0110866,0.236169,0.277901
2.45435,0.0427925,0.910233,1.06153
0.860504,0.0136499,0.317627,0.392631
1.34346,0.0226731,0.513106,0.615102
1.442,0.0239478,0.508721,0.615396
2.9243,0.0481748,1.02282,1.18164
3.32519,0.0447166,0.978246,1.29552
0.580543,0.0101067,0.22983,0.274769
2.00877,0.0354176,0.793201,0.941589
1.84327,0.0319496,0.686494,0.796002
1.21679,0.0153621,0.322285,0.392782
1.28575,0.0207697,0.433975,0.502285
1.15404,0.0189264,0.401882,0.475778
1.4557,0.0222554,0.463743,0.542955
2.53129,0.0449488,0.947829,1.09113
2.02817,0.0377124,0.799816,0.91376
2.8304,0.0523701,1.12083,1.31152
1.68236,0.0305615,0.668918,0.783582
1.42333,0.0244926,0.530898,0.619176
2.26373,0.0318131,0.667235,0.780666
7.76958,0.151408,3.225,3.68782
3.27699,0.0557708,1.18434,1.38891
1.51002,0.024493,0.527785,0.626819
2.73083,0.0497657,1.07708,1.26625
2.78261,0.0491864,1.03627,1.2287
2.04725,0.0377633,0.79456,0.917107
3.48761,0.0661112,1.42624,1.64378
1.54951,0.0270561,0.568567,0.6597
1.087,0.0182835,0.399777,0.478038
2.08729,0.0348774,0.725811,0.836618
3.25463,0.0605636,1.29238,1.49266
2.01196,0.0266829,0.567845,0.690645
2.78424,0.0502245,1.05999,1.2262
1.66162,0.0318975,0.673877,0.774476
1.80201,0.0278907,0.641521,0.775379
1.15876,0.0174496,0.3576,0.412364
2.74377,0.0404098,0.868944,1.13655
2.17357,0.0413439,0.89733,1.03982
2.22096,0.0357995,0.739016,0.855146
1.61962,0.0301035,0.634285,0.722885
1.15792,0.0175139,0.384511,0.4648
1.87297,0.0371639,0.792629,0.917266
2.68063,0.0445449,0.951984,1.11054
1.62054,0.0321754,0.683515,0.793665
1.30687,0.0262784,0.559066,0.645152
2.81115,0.0466651,0.967195,1.11197
1.90974,0.0331041,0.69813,0.803499
0.824668,0.0122772,0.26482,0.312923
1.76274,0.0255805,0.645445,0.807561
1.20363,0.0185388,0.396008,0.471141
1.36165,0.0253827,0.537826,0.619303
1.58899,0.0271923,0.602019,0.720585
1.06653,0.0176279,0.366678,0.426502
1.63597,0.0261782,0.549315,0.643623
2.36004,0.038151,0.78973,0.905917
2.4208,0.0421411,0.91384,1.10118
2.29097,0.0413305,0.866799,1.00631
1.93529,0.0354695,0.765065,0.895852
1.40881,0.0218611,0.496596,0.60648
1.35292,0.0227071,0.477837,0.556483
1.86046,0.029027,0.661566,0.80486
1.15259,0.0204544,0.433543,0.509738
1.01602,0.0121485,0.262535,0.317044
2.29232,0.0426485,0.909722,1.05619
3.08173,0.0532006,1.12642,1.29242
1.53701,0.0246617,0.519057,0.596922
1.45127,0.0205922,0.430439,0.578119
2.28821,0.03989,0.842274,0.980306
1.9281,0.0194149,0.372865,0.482399
2.41213,0.0470544,1.01856,1.18253
1.77739,0.0271339,0.58467,0.697805
7.41107,0.0585706,1.06764,2.1549
3.2556,0.0324813,0.900232,1.32038
1.15608,0.0140733,0.300926,0.363809
1.73912,0.0263327,0.549023,0.639807
3.31238,0.0647104,1.37356,1.5671
4.75135,0.0955278,2.05766,2.36161
4.14576,0.081893,1.76451,2.02708
6.3121,0.121355,2.62357,3.03231
3.04326,0.0573855,1.23476,1.45217
2.33128,0.0239718,0.696888,0.93966
1.76396,0.0305723,0.65266,0.791026
2.36079,0.0465192,0.993322,1.13924
1.52351,0.0232443,0.486325,0.566083
0.772476,0.0133408,0.289825,0.341222
2.2829,0.0437314,0.926128,1.05888
3.21512,0.0515603,1.06689,1.26671
3.61789,0.0633809,1.33897,1.58236
2.29338,0.0397924,0.888048,1.05108
1.81839,0.0305971,0.642192,0.756808
0.964172,0.0153914,0.331872,0.401645
2.71771,0.0511391,1.09813,1.26691
3.33961,0.0599516,1.25922,1.51044
3.02872,0.058408,1.24848,1.44463
1.71767,0.0313146,0.661164,0.775707
2.32475,0.0411957,0.866985,0.988943
2.42541,0.0415117,0.898599,1.0569
1.32645,0.0144702,0.353318,0.465782
2.5529,0.0482518,1.03232,1.20402
2.95903,0.0509545,1.0776,1.27748
3.05786,0.0464827,1.00391,1.18632
2.53742,0.0471292,0.999054,1.14213
1.70533,0.0287558,0.618285,0.722846
2.63018,0.0449072,0.986878,1.15713
1.34763,0.0262145,0.556764,0.646338
3.57158,0.0578203,1.23147,1.45929
1.88126,0.0288735,0.609609,0.713595
3.99118,0.0695875,1.49867,1.75088
2.59958,0.0419533,0.87184,1.07709
1.00628,0.0175592,0.381541,0.464409
1.77463,0.0328445,0.690305,0.787971
1.68864,0.0251458,0.524781,0.653113
2.7465,0.0473301,1.01982,1.19121
2.23691,0.0342851,0.713038,0.825228
2.25369,0.0281866,0.67289,0.845388
2.31603,0.0448603,0.950346,1.09721
3.90458,0.0753497,1.63056,1.89243
2.38546,0.0454488,0.962539,1.11172
1.47143,0.0239981,0.518054,0.601955
1.15755,0.020008,0.45587,0.552229
2.89475,0.0514954,1.08322,1.2362
1.82101,0.0274623,0.59229,0.719838
2.3731,0.0437607,0.972856,1.14852
1.99166,0.0353528,0.757835,0.881879
1.27513,0.0238617,0.509995,0.586213
0.980206,0.0183101,0.401068,0.467087
1.34459,0.0220981,0.479627,0.561435
2.28674,0.0373708,0.833842,0.983969
3.30873,0.061237,1.34438,1.57169
1.34162,0.0227146,0.50933,0.606341
1.10092,0.0210967,0.451796,0.526782
1.56755,0.0277818,0.594436,0.692682
3.23224,0.0554214,1.21093,1.43493
5.41621,0.103864,2.19168,2.5005
2.6997,0.0465324,0.990493,1.13877
1.0801,0.00815516,0.163545,0.2101
1.57681,0.0229922,0.492843,0.609977
1.65051,0.0280444,0.593603,0.696041
4.15439,0.0788513,1.68953,1.95125
1.04198,0.0197272,0.416313,0.478167
2.3936,0.0375502,0.820465,1.00263
3.96701,0.062942,1.31123,1.60405
2.16199,0.0335842,0.710183,0.828791
3.29185,0.0565541,1.21166,1.39895
1.42939,0.0209782,0.442342,0.511176
2.08003,0.0255507,0.620304,0.794447
2.80795,0.0556731,1.18448,1.3566
3.52352,0.0567946,1.17236,1.34282
2.05146,0.0307469,0.661593,0.796316
1.70685,0.0261389,0.594501,0.724723
1.6567,0.0171708,0.36577,0.439302
1.46993,0.0236062,0.510441,0.602473
4.0597,0.0708661,1.5547,1.82835
3.6474,0.0700223,1.47889,1.69051
2.24689,0.0406097,0.851054,0.982148
2.68912,0.0539563,1.1452,1.31626
3.91423,0.0728744,1.55685,1.78697
3.36526,0.0652028,1.38487,1.58951
1.14169,0.019814,0.428052,0.500674
1.95913,0.0362387,0.776638,0.903848
1.39578,0.0242828,0.522926,0.61592
3.07582,0.0498437,1.0617,1.24536
1.09586,0.019493,0.429997,0.501881
2.33611,0.0386044,0.853344,1.00895
1.91466,0.03598,0.772524,0.89123
1.15593,0.0170754,0.364674,0.435255
1.1375,0.0198887,0.420084,0.500762
2.48767,0.0346263,0.757199,0.911994
6.27966,0.124955,2.66288,3.08448
0.831079,0.00367588,0.159939,0.27644
2.50188,0.0342737,0.69943,0.804793
1.83637,0.0305757,0.637679,0.756098
2.36648,0.0421843,0.908477,1.06376
1.21341,0.0197065,0.413801,0.483512
1.61965,0.0261559,0.55867,0.667625
1.22345,0.0228331,0.483231,0.56658
1.24314,0.0216847,0.465968,0.553974
5.35279,0.0649072,1.30832,1.94505
1.73555,0.0264069,0.564181,0.700631
2.75929,0.050692,1.13443,1.34279
2.04274,0.0281986,0.662888,0.819535
2.30889,0.043273,0.93283,1.07888
2.11586,0.041625,0.888019,1.01569
1.44839,0.0259117,0.556018,0.644377
1.77825,0.0291987,0.612026,0.701458
2.46484,0.0402796,0.857454,1.00634
2.38095,0.0421149,0.932126,1.09075
1.33571,0.0239227,0.500869,0.582872
1.38229,0.0239006,0.525505,0.613371
1.58638,0.0251193,0.54035,0.629914
1.90919,0.0359028,0.764294,0.89096
2.03591,0.0380302,0.817146,0.940958
1.18767,0.0165619,0.353741,0.42335
3.90378,0.0693715,1.58432,1.88494
1.92362,0.0279677,0.594484,0.702456
2.66227,0.0231526,0.496232,0.796384
2.37438,0.038682,0.804896,0.92644
6.68475,0.120634,2.52773,2.88363
2.79593,0.0568822,1.20841,1.38406
1.79172,0.0300666,0.63153,0.735993
1.8029,0.0351177,0.752368,0.867454
1.73211,0.0268544,0.60315,0.732245
2.31799,0.0458813,0.980092,1.13059
2.24469,0.0369766,0.772776,0.882882
5.15186,0.0999783,2.11327,2.40922
1.00144,0.0182152,0.394914,0.472213
3.29117,0.062673,1.35723,1.57239
3.26684,0.0645893,1.3912,1.60441
1.60784,0.0312343,0.660897,0.753881
3.73095,0.0634859,1.35828,1.59619
2.66786,0.0498359,1.06435,1.23266
2.63785,0.0482869,1.02297,1.21825
1.43373,0.0239705,0.515047,0.624547
2.78943,0.0551865,1.18229,1.36611
3.62728,0.0559745,1.18511,1.5061
1.5199,0.02106,0.432288,0.518462
2.22535,0.0417099,0.886819,1.0219
0.923097,0.0107601,0.213382,0.251443
1.41055,0.0233403,0.506894,0.591103
1.66531,0.029566,0.625462,0.749076
4.32325,0.0847147,1.81932,2.08881
1.73141,0.0234591,0.493706,0.60677
1.9688,0.0301717,0.683864,0.821669
1.54302,0.0241467,0.496303,0.579495
1.44664,0.024356,0.521894,0.629396
1.61421,0.0306615,0.650169,0.742857
1.83378,0.0332647,0.699447,0.803439
3.08564,0.0594673,1.27317,1.46128
3.04283,0.0523199,1.12297,1.31154
2.74005,0.0446157,0.928017,1.08701
5.02025,0.0733775,1.53353,1.77824
2.82957,0.0421406,0.941539,1.11819
2.50945,0.045427,0.982409,1.14914
1.91895,0.0317604,0.694714,0.825914
2.00779,0.0390592,0.827517,0.943261
3.99802,0.0738936,1.5591,1.78761
2.01176,0.036593,0.797579,0.933218
0.743143,0.00983717,0.226669,0.276777
1.54998,0.0260832,0.543152,0.629952
1.41381,0.022666,0.479438,0.566773
0.732671,0.0113786,0.247667,0.294431
2.60995,0.0484175,1.02449,1.18354
2.6324,0.0441548,0.928945,1.08591
5.27046,0.105639,2.28774,2.63685
3.53804,0.0622935,1.31713,1.53827
2.38013,0.0429811,0.909752,1.07573
1.34497,0.023021,0.498459,0.585226
1.63232,0.0304045,0.654765,0.756958
2.20338,0.0428625,0.910025,1.04428
3.29797,0.0616681,1.36592,1.60938
2.02041,0.035639,0.764007,0.883538
1.49352,0.0280427,0.597181,0.687973
1.79702,0.0324058,0.69178,0.826034
2.70739,0.0464213,0.974926,1.16833
1.85569,0.0338357,0.715269,0.82654
2.03436,0.0276251,0.612116,0.729235
2.5002,0.0411904,0.860098,0.981375
4.07844,0.0725509,1.59124,1.86438
2.3509,0.0414211,0.89719,1.04354
4.34058,0.0614051,1.3869,1.68319
1.38324,0.0209087,0.430552,0.507401
3.25837,0.0526429,1.09849,1.37175
2.26926,0.0426432,0.905933,1.04498
1.98445,0.0315126,0.684736,0.815737
2.27108,0.0427635,0.916897,1.05706
2.05518,0.0300279,0.627094,0.818805
3.12094,0.0599754,1.27256,1.45069
4.23463,0.0768268,1.62861,1.91809
2.81262,0.0530984,1.15722,1.35505
2.13058,0.0347071,0.738818,0.880229
2.67886,0.0495831,1.04445,1.20512
5.92267,0.117959,2.51883,2.87533
1.88453,0.0380358,0.811564,0.930848
4.05422,0.0608473,1.24469,1.43566
1.61706,0.0251984,0.565112,0.671115
1.99495,0.0332165,0.716598,0.837807
2.19061,0.042604,0.903614,1.02923
2.48647,0.0435576,0.924823,1.07249
1.60092,0.0289981,0.61281,0.706692
1.9208,0.0301106,0.670801,0.796369
0.947385,0.0128651,0.278885,0.333486
0.979344,0.0104966,0.233314,0.309529
1.83591,0.0238703,0.501891,0.584653
1.90051,0.0324068,0.716584,0.852337
2.31731,0.0220363,0.493284,0.646615
1.7215,0.0274633,0.592378,0.739659
3.46573,0.0612098,1.28165,1.46932
2.362,0.0320156,0.665322,0.801083
1.41415,0.0257489,0.553025,0.646185
1.77416,0.0256577,0.579213,0.712084
1.80527,0.0287446,0.642343,0.767991
0.718274,0.00693884,0.17058,0.222448
3.26921,0.0604758,1.27907,1.4644
1.89114,0.0355168,0.770994,0.903962
3.97479,0.0809171,1.73346,1.98112
1.83113,0.0366147,0.786812,0.901438
2.681,0.0457836,0.963372,1.11531
2.24975,0.0392705,0.830747,0.972469
3.08602,0.0526601,1.11432,1.27728
2.36829,0.0451874,0.977101,1.12778
2.36019,0.0469507,1.00341,1.16191
3.77951,0.0717107,1.53907,1.77486
1.0443,0.0123059,0.300369,0.381295
2.55378,0.0419499,0.882868,1.02098
2.06202,0.0317793,0.749536,0.912789
2.25521,0.036175,0.762666,0.887551
2.37214,0.041238,0.874397,1.00904
0.873878,0.0123501,0.251749,0.302507
1.03282,0.0139528,0.31999,0.3969
2.59384,0.0217323,0.406931,0.781703
2.79592,0.0529774,1.12399,1.28443
2.50275,0.0375236,0.829169,0.993336
2.59964,0.0304865,0.628534,0.954027
1.75362,0.0325371,0.694779,0.808608
3.53673,0.0652201,1.39346,1.6126
1.75675,0.0357522,0.759316,0.864488
1.61252,0.0292506,0.625729,0.721125
1.54932,0.0263524,0.562416,0.664742
1.09782,0.0115636,0.302066,0.423619
1.04633,0.0127475,0.284422,0.343381
2.30799,0.0340267,0.753918,0.908234
1.09606,0.0151764,0.334639,0.40316
2.58683,0.0427069,0.947294,1.12141
1.61469,0.0283721,0.61532,0.714037
2.07723,0.0347375,0.7646,0.90294
1.19726,0.0189725,0.408517,0.490047
1.76885,0.0327873,0.699045,0.8019
1.2429,0.020796,0.468367,0.561508
3.42465,0.0667258,1.4139,1.61781
1.82507,0.0277834,0.580758,0.701565
1.52234,0.0280211,0.60912,0.706912
2.95843,0.0475714,0.998171,1.18762
2.28107,0.0414269,0.875172,1.0156
1.58057,0.0289099,0.618785,0.712653
1.89723,0.0325449,0.691974,0.809659
1.45628,0.0238372,0.524922,0.625043
1.09459,0.0202805,0.447439,0.522929
1.5824,0.0203516,0.424054,0.508891
2.97084,0.0520317,1.09509,1.26606
1.0064,0.0168956,0.359111,0.419109
2.32469,0.0369045,0.832736,1.00641
2.26941,0.0349958,0.73619,0.910057
1.49556,0.0191275,0.38931,0.541385
1.49788,0.0276913,0.59169,0.678923
2.34871,0.0364375,0.835718,1.01879
1.5218,0.0197575,0.40363,0.464917
1.43946,0.0158422,0.352514,0.450699
1.40596,0.0208313,0.46034,0.561216
2.91904,0.0481329,1.01784,1.1937
1.75525,0.0295248,0.630215,0.727979
2.37528,0.043822,0.955433,1.1395
1.81946,0.035927,0.772232,0.884897
2.53877,0.0400837,0.825737,0.953592
2.67067,0.0478578,1.03929,1.21419
2.22358,0.0424622,0.911019,1.04534
0.704212,0.0096373,0.196081,0.23763
1.94227,0.036045,0.769324,0.897613
1.53928,0.0257996,0.595073,0.712782
1.87724,0.0355835,0.75254,0.86485
3.10178,0.0554765,1.21174,1.41401
2.29109,0.0386546,0.814591,0.950654
3.45739,0.0531611,1.1218,1.35954
1.64379,0.0285667,0.635739,0.748989
2.95827,0.0341589,0.686911,0.81852
2.02991,0.0307645,0.708095,0.850569
2.88219,0.0503757,1.08645,1.28113
2.25145,0.0406588,0.887964,1.03288
1.35432,0.0218959,0.466485,0.546112
1.66877,0.029244,0.62723,0.732458
2.12874,0.0359278,0.804104,0.976662
2.12183,0.0370339,0.783084,0.905436
2.05658,0.0346536,0.734973,0.846969
2.11648,0.0418741,0.893888,1.02513
3.37756,0.0612003,1.30722,1.53017
0.91512,0.0172151,0.368534,0.423794
3.09797,0.0574592,1.25583,1.46129
4.86177,0.0413236,0.766745,1.45993
0.798452,0.00777572,0.15196,0.193064
1.74607,0.0297239,0.62976,0.73759
1.92988,0.0299707,0.615987,0.712903
1.29741,0.0189663,0.467657,0.594459
0.933975,0.0122879,0.269202,0.334854
1.55036,0.0283878,0.608136,0.708285
1.40025,0.0235941,0.512159,0.610345
3.52594,0.0609937,1.30809,1.52275
2.09441,0.0353458,0.754117,0.870561
1.98434,0.0402028,0.856344,0.98068
1.0595,0.017514,0.362498,0.416154
1.809,0.0336616,0.723851,0.841133
1.84775,0.0361104,0.78007,0.901137
2.4932,0.0423167,0.890936,1.03501
1.74436,0.0305669,0.645122,0.747591
1.46922,0.0267506,0.561364,0.641665
3.94524,0.0737101,1.56183,1.82441
1.92547,0.0321586,0.700862,0.831393
2.39172,0.046514,1.0096,1.16694
2.32559,0.0436688,0.924634,1.06441
2.25528,0.0354543,0.839377,1.0224
1.93384,0.0243772,0.517522,0.617077
2.04982,0.0337533,0.766703,0.921977
2.12495,0.0403785,0.871119,1.00733
2.63704,0.0421712,0.895797,1.08987
2.29722,0.0445252,0.950451,1.09719
1.45304,0.0177919,0.48512,0.630832
1.59842,0.0293861,0.625282,0.729348
2.77333,0.0549389,1.16885,1.3372
2.85326,0.050677,1.0661,1.21579
1.89586,0.0295933,0.630853,0.767655
1.51033,0.0291932,0.641774,0.746323
1.40768,0.0189274,0.388601,0.459787
2.27032,0.0379242,0.808105,0.94033
3.55521,0.0671569,1.43958,1.66749
2.41324,0.0416497,0.870126,1.00624
2.7992,0.0452549,0.943326,1.08825
1.97988,0.0352239,0.758521,0.879487
1.73534,0.0256677,0.588507,0.728087
0.971802,0.0200682,0.426918,0.486398
1.30862,0.0172749,0.366049,0.440741
1.58307,0.0195842,0.428414,0.51202
1.5705,0.025325,0.569623,0.680669
1.91897,0.0346882,0.737728,0.861876
4.11506,0.0787528,1.72696,2.00923
0.875907,0.0119435,0.246543,0.292664
1.71422,0.0304613,0.64479,0.753846
0.999474,0.0181854,0.388944,0.458469
2.79484,0.0503636,1.07229,1.23204
2.68383,0.0514201,1.08651,1.24772
1.46797,0.0284987,0.605213,0.699619
2.6902,0.0416796,0.885308,1.03058
1.73328,0.0222678,0.507112,0.630496
1.58319,0.0278642,0.587721,0.679983
2.46579,0.0450942,1.00778,1.18976
1.33833,0.0192133,0.408494,0.492063
2.4132,0.0249827,0.680266,0.904141
3.23669,0.0540113,1.15849,1.39604
2.42726,0.0335288,0.698949,0.90733
1.32896,0.0202007,0.432683,0.534095
0.538659,0.00529564,0.145526,0.201963
2.25998,0.0360772,0.745588,0.882084
1.69905,0.0269723,0.577753,0.680862
4.8262,0.0790881,1.64853,1.93265
2.9844,0.0544345,1.15082,1.31584
3.84741,0.0652867,1.39923,1.66003
1.66663,0.0298687,0.645176,0.758597
1.96668,0.0337519,0.712018,0.849806
1.56355,0.0273931,0.574987,0.672639
2.26621,0.0368064,0.773742,0.893555
2.27212,0.0407917,0.875929,1.01801
3.09063,0.0433058,0.878811,1.00474
2.03633,0.0346266,0.735559,0.852006
1.30915,0.0200676,0.437648,0.524311
1.81066,0.0323305,0.690072,0.79882
2.00483,0.0319421,0.667265,0.773837
2.5145,0.0448125,0.98252,1.15412
1.36311,0.0231332,0.484124,0.574931
2.14919,0.0380828,0.810057,0.967878
3.38238,0.0574632,1.28477,1.5318
3.87455,0.052198,1.09764,1.35425
2.07138,0.035112,0.753367,0.891243
1.34668,0.0238607,0.530328,0.628571
2.70966,0.0512143,1.09934,1.26342
1.16139,0.0197807,0.433,0.534734
2.46443,0.0359552,0.740003,0.854912
4.22256,0.0764147,1.65692,1.96889
1.49898,0.0226381,0.518254,0.632394
1.49918,0.0222146,0.468837,0.557935
1.16463,0.0198461,0.413494,0.490111
3.47092,0.0561427,1.21173,1.48675
0.743502,0.00907066,0.217635,0.277524
2.47056,0.0490546,1.04324,1.19186
2.87234,0.0542664,1.16769,1.3701
2.57063,0.0397943,0.859292,1.07071
2.9119,0.0541699,1.18837,1.39153
0.757447,0.00712901,0.144059,0.185484
2.08994,0.0360245,0.757711,0.865315
2.05464,0.035803,0.7602,0.917839
1.1764,0.0192511,0.431399,0.509671
2.28136,0.0412761,0.894479,1.03783
2.0963,0.020898,0.420681,0.521364
3.11181,0.0489134,1.02423,1.20682
1.4358,0.0217393,0.450007,0.52602
2.83033,0.0391476,0.811579,0.934059
2.79062,0.0422349,0.87824,1.0156
1.76599,0.0287428,0.598475,0.730979
2.33088,0.0425157,0.906646,1.05404
2.26695,0.0282191,0.658048,0.81676
1.64134,0.0200817,0.41473,0.491675
2.93715,0.0544119,1.19063,1.38317
2.22505,0.0351109,0.730024,0.939699
1.67938,0.0213328,0.521226,0.657001
2.37036,0.0431852,0.919931,1.07491
3.09536,0.0522211,1.12518,1.35001
1.6921,0.0284548,0.627642,0.750046
1.48577,0.0264921,0.569984,0.671568
3.35895,0.0483938,1.19116,1.47587
0.829342,0.0149826,0.32183,0.382908
0.976775,0.0153861,0.32056,0.404891
1.89347,0.0317959,0.719094,0.85949
4.40965,0.0746199,1.54945,1.76957
1.61867,0.029123,0.616644,0.718363
1.29811,0.02496,0.533303,0.618962
1.06386,0.0182635,0.394277,0.468594
1.31554,0.0230297,0.481206,0.557647
2.97916,0.052328,1.09446,1.27066
1.32502,0.021539,0.46592,0.557791
1.08358,0.0176508,0.393779,0.468724
1.8812,0.0322969,0.691537,0.844948
1.09378,0.0156798,0.342296,0.43322
1.07462,0.00798482,0.266421,0.381694
8.78502,0.144095,3.23853,3.8398
1.43335,0.0240619,0.529686,0.625443
1.1029,0.0135501,0.28277,0.353114
2.81492,0.05446,1.18172,1.37793
3.61855,0.0357973,0.701079,1.13943
2.30626,0.0327183,0.751238,0.912745
3.58305,0.0676284,1.44178,1.66044
2.55375,0.0451339,0.989709,1.16166
3.37423,0.0640106,1.37024,1.5825
3.45789,0.0663072,1.42404,1.64356
1.13515,0.0172436,0.35575,0.457092
2.95353,0.0510359,1.14626,1.35743
2.26882,0.0374956,0.807912,0.952711
0.884849,0.0151169,0.322133,0.382805
1.67671,0.0316807,0.66988,0.779973
1.18278,0.0219101,0.475767,0.556159
2.14354,0.0417135,0.900572,1.03505
1.83962,0.0293176,0.629441,0.757645
3.13889,0.0598024,1.28534,1.48914
1.09986,0.0152385,0.345211,0.43058
0.389241,0.00589294,0.136774,0.168515
1.51458,0.0225085,0.48614,0.58434
1.52367,0.0228665,0.50064,0.597813
1.02966,0.0173686,0.363087,0.421848
1.37397,0.0246916,0.519878,0.616738
1.54489,0.0252032,0.534992,0.618814
1.91813,0.0298236,0.677129,0.822745
3.41519,0.0628682,1.37102,1.60298
2.23324,0.0228388,0.486358,0.694211
4.0294,0.0737913,1.6364,1.9129
2.22393,0.0405031,0.880063,1.03657
2.34118,0.0421182,0.907407,1.05911
2.5042,0.0389952,0.850003,1.05478
2.02645,0.0358662,0.773577,0.909564
2.8976,0.059165,1.26651,1.44809
1.63814,0.0259771,0.594947,0.716065
1.62014,0.0297294,0.650186,0.766711
1.73254,0.0220537,0.462064,0.570423
1.62936,0.0269802,0.61453,0.734936
3.21591,0.0567564,1.20926,1.38812
2.35691,0.0441413,0.930997,1.06514
1.51953,0.01801,0.442007,0.574183
2.12611,0.0307426,0.624211,0.734957
2.22043,0.0290353,0.666233,0.808543
1.85306,0.0338795,0.71397,0.818195
2.7051,0.0554614,1.18649,1.35515
12.2789,0.042957,0.548202,2.9269
1.57536,0.0292999,0.628991,0.724057
1.56679,0.0303972,0.651221,0.748379
3.08263,0.0589471,1.2592,1.44822
3.29904,0.0663194,1.41855,1.62899
2.54254,0.0328454,0.790147,0.986528
1.25187,0.0198292,0.458731,0.558956
1.98422,0.0326632,0.692023,0.807963
1.9548,0.0293106,0.682461,0.839594
2.66933,0.0497568,1.08117,1.25817
2.80327,0.0474994,1.02418,1.20196
1.83901,0.0217321,0.553303,0.718362
1.49884,0.0262021,0.572475,0.681811
0.609333,0.00590302,0.148151,0.204613
2.13233,0.0325435,0.718453,0.846536
1.70188,0.0276545,0.622511,0.749028
1.45732,0.0248077,0.542281,0.640414
1.54407,0.0284401,0.605024,0.694071
2.31897,0.0396523,0.8798,1.04374
1.58791,0.026336,0.561204,0.661678
1.35471,0.0232705,0.490095,0.573914
1.52742,0.0245098,0.544754,0.641892
3.42771,0.0633536,1.33321,1.53256
2.8115,0.0524231,1.1509,1.35468
1.99555,0.0327133,0.691246,0.817774
1.06286,0.0190018,0.405137,0.47842
2.61167,0.0470363,1.04237,1.22697
1.18202,0.0233948,0.496382,0.574894
1.67378,0.0276482,0.576815,0.663336
4.00216,0.0695802,1.50996,1.78302
1.28054,0.0243497,0.513446,0.585778
2.12611,0.0220609,0.45349,0.539482
1.73764,0.0290251,0.641954,0.760111
2.93719,0.0510673,1.10298,1.28709
1.62418,0.0281167,0.59186,0.708521
1.46591,0.0272767,0.580673,0.679619
2.30156,0.0351342,0.736858,0.864271
0.849508,0.0116675,0.262104,0.320511
1.65789,0.0278357,0.623768,0.746501
1.66975,0.0274325,0.598371,0.713728
2.25299,0.0352787,0.731053,0.8371
1.16048,0.0147359,0.296945,0.36832
5.92663,0.0667393,1.31581,1.97202
0.674943,0.0114152,0.239736,0.289604
3.97466,0.0526863,1.05445,1.20122
2.43964,0.0434259,0.966808,1.14148
2.95334,0.056453,1.20278,1.3786
6.08424,0.116443,2.48529,2.86965
1.45613,0.0237904,0.51803,0.611971
3.44451,0.0587295,1.3357,1.5945
1.8431,0.0327715,0.710191,0.834084
2.04183,0.0306897,0.647076,0.754805
1.48569,0.0230959,0.509887,0.605695
1.5788,0.0195284,0.421316,0.583857
1.44313,0.026907,0.571769,0.663157
2.17074,0.0406538,0.882918,1.02454
3.09434,0.0552978,1.16365,1.34098
0.762657,0.0140127,0.296552,0.351643
2.89004,0.0475992,1.03494,1.22264
4.11663,0.0619859,1.48085,1.86956
1.90942,0.0318199,0.704189,0.830564
0.864175,0.0147316,0.309376,0.370069
4.26718,0.081907,1.7522,2.03437
2.29506,0.0413596,0.904511,1.06374
2.52458,0.0445092,0.935135,1.06587
1.86634,0.0289396,0.598547,0.694812
1.85261,0.0291372,0.642319,0.760128
5.76837,0.116945,2.50203,2.85909
1.88926,0.0314679,0.686797,0.821116
2.67781,0.0469522,0.994044,1.14308
1.5847,0.0286294,0.600593,0.693703
2.91822,0.0573939,1.22313,1.40841
1.99271,0.0357025,0.78212,0.923537
3.80987,0.0758033,1.60842,1.85311
4.80379,0.0732837,1.52403,1.79958
2.43996,0.04409,0.93267,1.11348
0.977333,0.0131404,0.307027,0.377613
1.77278,0.0283911,0.65777,0.794712
1.40385,0.0161811,0.381252,0.483396
1.70268,0.0301344,0.655203,0.771163
2.06355,0.037723,0.79796,0.91239
2.57982,0.0403142,0.869683,1.02755
1.25453,0.0247631,0.532386,0.610136
1.23835,0.0221914,0.498173,0.589672
1.96257,0.034386,0.720521,0.854035
2.85275,0.0397986,0.822694,0.960769
2.67916,0.0451237,0.977697,1.14477
1.79287,0.0359664,0.766758,0.874952
1.22998,0.0189413,0.392032,0.462294
2.2331,0.0382987,0.843706,0.993004
2.85988,0.0509425,1.11118,1.29883
3.15573,0.0475878,1.00308,1.1877
2.52791,0.0504847,1.07669,1.23899
3.07756,0.0431334,0.966353,1.15599
3.07535,0.0560567,1.17975,1.3528
2.15872,0.0357141,0.817074,0.98201
3.07367,0.0500369,1.11043,1.31018
2.64534,0.0410405,0.907633,1.08459
1.54448,0.024628,0.563303,0.681587
2.14704,0.0253221,0.518817,0.605013
2.96915,0.0463148,0.977414,1.20491
4.63748,0.093246,1.99603,2.28995
1.01064,0.0105839,0.264493,0.35123
3.13538,0.0559586,1.24511,1.47668
1.77822,0.0273846,0.598347,0.734808
1.26229,0.0163632,0.359432,0.434922
1.60646,0.0226905,0.48482,0.603001
3.11432,0.0620526,1.33433,1.54504
1.45759,0.0262159,0.555095,0.647845
1.99153,0.0361587,0.769998,0.91562
0.945733,0.0172627,0.368251,0.439868
3.25536,0.0556941,1.18798,1.37513
1.96646,0.0244943,0.491538,0.577383
1.53274,0.0260673,0.54576,0.648149
2.10402,0.0361441,0.756044,0.861511
2.67014,0.0286734,0.562482,0.67225
4.00121,0.0681943,1.41961,1.63593
2.59079,0.0469412,1.00495,1.18913
2.15697,0.0188593,0.359471,0.598039
2.31512,0.0421031,0.907122,1.05834
3.1841,0.048073,1.00932,1.2006
2.75375,0.0446416,1.00288,1.19156
1.08026,0.0172057,0.36089,0.418148
1.77821,0.0276729,0.655333,0.795662
3.2014,0.058512,1.24466,1.43048
3.2348,0.0617505,1.32247,1.52725
2.70572,0.0508111,1.08121,1.25799
1.35023,0.0200283,0.433252,0.514332
1.61531,0.0302492,0.63776,0.738869
1.93697,0.0297305,0.614627,0.716548
1.45344,0.0264369,0.585994,0.700057
2.52083,0.0420795,0.925589,1.08278
0.639821,0.0116742,0.245755,0.283802
1.6399,0.0228259,0.523996,0.640577
4.20826,0.0758836,1.59041,1.81833
1.3844,0.0238611,0.510302,0.598902
1.22826,0.0176447,0.375625,0.469645
0.678122,0.00708146,0.173244,0.231113
1.55306,0.0268429,0.569155,0.653085
1.29846,0.0217571,0.452956,0.560617
2.24786,0.0401141,0.886573,1.04674
3.31023,0.061014,1.28282,1.49592
0.918984,0.0123378,0.251823,0.304665
1.79423,0.0253597,0.602191,0.772988
2.22175,0.0389638,0.831152,0.970011
0.905209,0.0119024,0.239118,0.276996
2.12465,0.0344155,0.739609,0.862872
4.51491,0.0770403,1.62536,1.894
2.40195,0.0406653,0.891343,1.0511
1.35532,0.02486,0.5427,0.630789
1.72145,0.0243225,0.590885,0.742431
2.27728,0.0437646,0.938088,1.0905
2.00609,0.037964,0.81063,0.932391
1.64961,0.0219463,0.517304,0.649147
2.32675,0.0423189,0.902334,1.05642
3.91674,0.0489489,1.04853,1.52603
0.807035,0.0134649,0.280339,0.332308
2.13932,0.0343899,0.738467,0.869566
1.13588,0.0188566,0.413532,0.505072
2.87528,0.0435565,1.06414,1.32135
3.22792,0.0195692,0.754353,1.1226
1.52277,0.0247127,0.518833,0.621303
4.46918,0.0616401,1.24852,1.4496
2.30294,0.0362719,0.774818,0.924831
3.65317,0.0641825,1.38988,1.62077
3.00612,0.033759,0.676688,0.83322
2.33078,0.0365542,0.818903,0.996171
1.86093,0.036238,0.779021,0.8952
0.626048,0.00853791,0.199669,0.257357
1.43145,0.0223095,0.473976,0.558729
1.61956,0.0317604,0.676088,0.788153
0.971123,0.0167337,0.380203,0.4538
2.56999,0.0460358,0.98593,1.1404
2.03778,0.0305999,0.655216,0.772536
3.75589,0.064495,1.42291,1.67791
2.98626,0.0455959,0.968319,1.13723
1.7367,0.0249214,0.511319,0.645355
1.89044,0.034245,0.741411,0.865112
1.56483,0.0266282,0.571297,0.692003
2.99752,0.0588775,1.25408,1.43945
1.94068,0.0302134,0.671384,0.802058
1.07735,0.0142847,0.321804,0.403265
0.899382,0.0136554,0.316046,0.392795
4.12333,0.0823129,1.76395,2.01742
2.79057,0.050815,1.08449,1.25725
2.98331,0.0400014,0.817959,1.0013
1.98301,0.0357629,0.756049,0.86388
3.33565,0.0496399,1.0273,1.31432
3.66606,0.0595154,1.22928,1.42499
2.2327,0.0418056,0.893922,1.03286
2.60335,0.0330704,0.776386,1.00022
0.584397,0.00219308,0.116192,0.201881
2.46478,0.0389478,0.838047,1.00742
1.50399,0.0228592,0.497193,0.618554
2.13734,0.0380638,0.8335,0.975644
1.63897,0.010439,0.267671,0.44812
1.64373,0.0217293,0.45358,0.592487
1.64912,0.00701668,0.408658,0.663556
3.03143,0.0540982,1.1791,1.38224
4.21195,0.0762302,1.63915,1.9056
2.09133,0.038598,0.818434,0.934955
3.12614,0.051332,1.0875,1.27558
2.14624,0.0424517,0.91534,1.05642
1.7512,0.0316651,0.675756,0.78753
2.95786,0.0460794,0.975887,1.21501
1.99581,0.0379733,0.800852,0.917285
1.31514,0.024435,0.515784,0.593299
2.07684,0.0288663,0.623276,0.739349
2.078,0.0235238,0.656674,0.86545
5.87874,0.0897864,1.97943,2.55412
2.06649,0.0349352,0.744469,0.863005
1.32912,0.0163061,0.33954,0.466415
0.795845,0.00618046,0.142134,0.183381
1.63181,0.0290518,0.619572,0.713537
1.64642,0.0282747,0.624067,0.747722
1.37305,0.0236175,0.506904,0.588353
1.11526,0.0208264,0.45348,0.533589
2.61635,0.0455195,0.989367,1.15517
1.51044,0.0255692,0.574386,0.690529
1.51789,0.0238388,0.526409,0.625356
1.64975,0.0255016,0.54001,0.643195
1.99281,0.0334807,0.698262,0.817987
1.1351,0.0199984,0.435501,0.508847
1.0495,0.0216812,0.462685,0.527016
2.03936,0.041022,0.873676,0.997467
1.1965,0.0150209,0.376129,0.503518
1.45245,0.0251197,0.533881,0.626544
1.81263,0.0344097,0.739155,0.85861
1.63459,0.0262653,0.575754,0.678846
2.15729,0.0445025,0.951733,1.08533
2.18036,0.0431536,0.928017,1.06733
4.53155,0.0128671,1.06147,1.77498
0.761013,0.0127122,0.267046,0.306272
2.09066,0.0376673,0.797852,0.913838
4.54999,0.0881535,1.86568,2.13247
4.76586,0.0650614,1.32548,1.7206
1.41157,0.0251612,0.544829,0.64204
2.07415,0.0365176,0.764078,0.877786
1.98181,0.0324312,0.694463,0.8191
2.36411,0.0439027,0.924649,1.06759
0.718095,0.0106035,0.243119,0.29797
1.49053,0.0144469,0.317143,0.386821
2.28464,0.0420212,0.923029,1.07316
1.26513,0.0238607,0.508934,0.590999
2.67365,0.0408615,0.860077,1.00452
2.90213,0.0511109,1.11578,1.29902
3.79948,0.0709479,1.50869,1.73809
1.51305,0.0271434,0.571085,0.681969
1.58329,0.0222655,0.460767,0.551932
1.30683,0.0190654,0.446037,0.569706
2.71569,0.0448035,0.931013,1.07472
1.14202,0.0153023,0.36921,0.460125
1.94288,0.0326094,0.676403,0.774702
2.13337,0.0371634,0.782562,0.907746
2.01589,0.0308881,0.654621,0.786681
2.80007,0.0521747,1.13081,1.32904
2.36086,0.0453213,0.965524,1.10304
2.31514,0.0424453,0.89318,1.02595
2.49014,0.0382046,0.785174,0.960741
2.73495,0.0379466,0.76572,0.895535
2.40218,0.0377397,0.778576,0.920863
2.00322,0.032689,0.697172,0.810103
3.29889,0.0628682,1.32606,1.51894
3.25892,0.0628866,1.34588,1.54848
1.39445,0.0219819,0.476409,0.571743
1.23743,0.0203253,0.429053,0.503564
2.98107,0.0566493,1.21134,1.39302
1.91704,0.0325782,0.722677,0.882581
1.74505,0.0279141,0.58075,0.6699
2.72924,0.0499882,1.04963,1.20217
1.47531,0.0207566,0.428697,0.574721
1.77017,0.0332862,0.706202,0.815023
1.86915,0.0285877,0.600854,0.70861
3.85968,0.0670283,1.41663,1.65826
1.36406,0.0221128,0.475786,0.554188
1.49085,0.0169222,0.441248,0.582261
1.51523,0.0210224,0.447003,0.528378
1.03229,0.0182442,0.393029,0.468434
2.78558,0.0489756,1.03881,1.20409
0.805814,0.0146234,0.309806,0.366307
1.37269,0.0232403,0.501981,0.587911
2.01213,0.034517,0.726635,0.844906
2.41916,0.0438697,0.98013,1.15424
0.711915,0.00619048,0.145768,0.220441
3.10751,0.0573464,1.2191,1.40018
0.801419,0.00849872,0.163335,0.188378
3.04416,0.0387887,0.790208,0.935497
1.37725,0.0248776,0.535031,0.632122
3.36244,0.0603659,1.31175,1.53428
1.7214,0.0255705,0.559023,0.689524
2.98428,0.0566934,1.19535,1.3721
1.52693,0.0236018,0.539455,0.651381
2.52869,0.0373869,0.875634,1.07398
2.79906,0.039094,0.854086,1.0347
1.00596,0.0183473,0.390268,0.453989
1.92698,0.0331283,0.714038,0.842275
0.751555,0.0105755,0.223368,0.262016
3.03588,0.0525865,1.1104,1.33527
2.43924,0.0405364,0.869055,1.02129
2.49425,0.0420244,0.907165,1.05771
2.88063,0.0510384,1.09173,1.26641
0.912319,0.0154758,0.324381,0.383523
1.31576,0.0156518,0.329632,0.389897
1.90733,0.035927,0.779092,0.90547
4.48155,0.0752641,1.59396,1.84119
1.11527,0.0144487,0.31333,0.397266
2.66361,0.0404881,0.837972,0.981885
1.75312,0.0318914,0.689682,0.813223
0.752019,0.0122488,0.2694,0.315602
1.43664,0.0202182,0.496756,0.615834
1.68519,0.0279638,0.619655,0.730201
1.65064,0.0273515,0.591513,0.6971
3.58123,0.056369,1.3238,1.65688
3.01004,0.05363,1.14442,1.32808
2.2188,0.0154336,0.446621,0.620174
3.26439,0.0506226,1.1028,1.29071
1.77163,0.0340917,0.744515,0.861998
2.23454,0.0322242,0.675275,0.781295
3.04798,0.053085,1.16554,1.36886
1.75993,0.0289036,0.647681,0.781633
2.38051,0.0466033,0.991432,1.14163
1.45127,0.0238777,0.494952,0.569707
2.0806,0.0408312,0.86477,0.984127
2.79184,0.0444237,0.956259,1.1168
2.157,0.0366457,0.774928,0.944209
1.77693,0.0155433,0.464783,0.651141
2.53606,0.0428315,0.94429,1.11936
6.34163,0.110866,2.45092,2.87195
4.50802,0.0764166,1.66281,1.98771
2.77082,0.049116,1.03412,1.19478
2.74985,0.0499584,1.08667,1.27484
2.85123,0.0506605,1.10322,1.28297
3.84149,0.0695506,1.49765,1.73574
1.35934,0.0259216,0.575116,0.672257
1.81581,0.0236498,0.50208,0.598175
0.645584,0.008284,0.179024,0.217382
1.9965,0.0374713,0.807273,0.942182
2.20079,0.0293831,0.686523,0.909437
3.2845,0.0544658,1.14037,1.35517
1.5939,0.027902,0.600542,0.703145
1.80451,0.0311772,0.687082,0.820231
1.64585,0.0298509,0.63786,0.738991
2.72349,0.0494589,1.04461,1.24059
1.89218,0.0277737,0.578828,0.670609
2.73872,0.0403154,0.884963,1.09245
1.50456,0.0260252,0.557036,0.656836
1.1078,0.0100109,0.19799,0.234974
1.53661,0.0225086,0.478588,0.565888
0.847871,0.0101246,0.243578,0.313344
2.84118,0.0433562,0.941829,1.11181
1.95193,0.0307992,0.636512,0.739279
1.95752,0.032749,0.684675,0.790875
2.28858,0.0428023,0.901087,1.03364
3.437,0.0649343,1.42887,1.66776
1.94449,0.0371192,0.789626,0.919006
1.16828,0.0149828,0.352674,0.438616
0.445311,0.00719233,0.160925,0.199705
0.298054,0.00408892,0.0880339,0.113557
1.29424,0.0190865,0.41768,0.530777
13.3485,0.133143,2.57954,4.51528
2.26348,0.0368618,0.765252,0.90228
5.583,0.108535,2.30283,2.62784
3.19309,0.0585284,1.23727,1.4124
2.743,0.0447887,0.954153,1.11992
3.30912,0.0632538,1.3553,1.57289
2.84274,0.0451111,0.944065,1.08231
6.11782,0.110617,2.3204,2.64321
2.70282,0.0515195,1.09657,1.2633
2.88208,0.0502107,1.07127,1.23294
1.86834,0.0312304,0.653604,0.752989
0.97392,0.0129865,0.266404,0.361311
4.219,0.081879,1.73194,1.9942
1.36095,0.0252623,0.533394,0.607689
4.03025,0.077717,1.66329,1.91229
1.00497,0.0144784,0.29925,0.349157
2.51143,0.0440717,0.95555,1.11928
3.08588,0.0445451,0.928466,1.10653
1.46208,0.0242904,0.526048,0.61619
155.435,0.29948,35.7391,61.5415
1.76652,0.0287623,0.606819,0.729982
4.30079,0.0772874,1.66128,1.92828
1.61713,0.0322031,0.685318,0.789092
0.743588,0.012304,0.27684,0.341558
2.68866,0.0388604,0.872741,1.06175
7.13825,0.138416,2.94871,3.38518
2.11105,0.0351332,0.75406,0.929796
1.51533,0.019716,0.504131,0.644878
1.06487,0.0165625,0.350806,0.434122
3.3715,0.0615472,1.35628,1.61648
2.72752,0.0466178,0.977512,1.13465
1.49946,0.0276083,0.580416,0.665876
2.95663,0.042714,1.01422,1.23904
2.1731,0.0329508,0.695117,0.837772
2.10435,0.0345281,0.788627,0.946935
3.26558,0.0425168,1.02662,1.27624
3.66841,0.0604596,1.3103,1.54798
0.610044,0.00847895,0.175016,0.237033
1.52059,0.0201396,0.452202,0.556702
3.17296,0.0622673,1.34816,1.56237
1.19023,0.0174175,0.39317,0.492005
2.80568,0.0508323,1.07217,1.23142
2.33252,0.0425711,0.893087,1.02447
2.84259,0.0519503,1.11832,1.29539
2.45796,0.0350422,0.748741,0.896879
1.51712,0.026467,0.552069,0.636512
2.50915,0.0427536,0.931303,1.10219
2.0152,0.0339488,0.721594,0.829635
4.45383,0.0768774,1.67389,1.95595
1.2841,0.0188923,0.38768,0.474166
2.59459,0.0450296,1.01043,1.19686
3.45508,0.0631225,1.33186,1.56372
1.05192,0.013307,0.269453,0.326763
1.97372,0.0263188,0.532327,0.639664
1.72193,0.0240344,0.605931,0.775113
2.14776,0.0378011,0.820099,0.956019
2.34421,0.0440844,0.962083,1.12544
2.8298,0.0508996,1.06891,1.21986
5.04719,0.0931161,1.97643,2.32162
0.940777,0.00827227,0.225495,0.319729
1.48816,0.0230682,0.499389,0.583487
2.83555,0.0564985,1.21927,1.40583
1.09585,0.0178941,0.370368,0.430855
2.49786,0.0471689,1.0144,1.16547
3.40574,0.0568263,1.2144,1.40498
2.11967,0.0381852,0.800689,0.946466
1.83832,0.0219368,0.55976,0.724492
1.46483,0.0211096,0.45262,0.531268
1.41758,0.0244792,0.5458,0.660131
2.60095,0.0480092,1.02545,1.19183
2.11254,0.0303753,0.670368,0.811095
2.40805,0.0393039,0.831148,0.961703
2.31804,0.0452851,0.960258,1.09335
1.85595,0.0297681,0.639776,0.746403
4.5501,0.0850111,1.8183,2.1037
2.16561,0.0263406,0.551464,0.65308
2.33302,0.031905,0.74781,0.928821
3.74334,0.0574899,1.18713,1.44938
1.977,0.0353545,0.766004,0.904617
2.01866,0.0365976,0.792814,0.932317
3.01896,0.05066,1.07177,1.24176
1.57362,0.0243376,0.504955,0.580122
4.34638,0.0736674,1.55155,1.8015
1.26409,0.0232948,0.491026,0.578135
1.54732,0.0278055,0.584559,0.666826
2.81985,0.0528193,1.12573,1.2998
3.57842,0.0530193,1.24745,1.52449
2.60087,0.0471854,0.998876,1.14662
2.22906,0.038601,0.829756,0.965356
1.61,0.0272357,0.593636,0.691945
2.21974,0.0309739,0.714895,0.869108
1.51958,0.0294513,0.623061,0.719174
1.80305,0.0307908,0.658431,0.77386
2.76167,0.0489154,1.05495,1.22716
1.39039,0.024862,0.535485,0.629677
0.375276,0.00487177,0.0992556,0.120862
1.78458,0.0320208,0.692093,0.804298
3.6164,0.0573532,1.28984,1.53067
1.29358,0.0236338,0.504605,0.590981
1.18281,0.0199133,0.458747,0.553182
5.66568,0.0592308,1.17167,1.89521
2.02029,0.0339062,0.709239,0.835563
1.27335,0.021264,0.485039,0.588237
2.23037,0.04341,0.923625,1.0564
2.44604,0.0448963,0.950413,1.08873
2.42284,0.0372894,0.84782,1.01756
1.51621,0.0286921,0.621049,0.725533
1.84254,0.0324875,0.68576,0.784599
4.71382,0.0899446,1.90339,2.18088
2.69449,0.0402682,0.846071,0.978559
2.21242,0.0385471,0.82712,0.955354
2.19166,0.0367137,0.822836,0.999775
2.2913,0.0391324,0.844844,1.01711
31.6299,0.0779878,0.591634,7.06605
3.87566,0.0678609,1.47129,1.79616
1.88742,0.032503,0.712391,0.847403
1.76624,0.0295769,0.651653,0.779381
2.00824,0.0245958,0.496746,0.670544
2.83308,0.0484999,1.02321,1.18763
1.15045,0.0217488,0.471624,0.556543
4.47188,0.0461145,0.936168,1.53239
0.990151,0.0184282,0.411711,0.482288
1.53759,0.0243381,0.530645,0.631885
3.05545,0.0578391,1.22073,1.394
1.86071,0.0269818,0.596689,0.718079
2.47852,0.0468192,1.01247,1.16664
2.89383,0.0360633,0.76896,0.976068
1.93755,0.0339561,0.742501,0.881745
2.47993,0.0165682,0.603049,0.914399
1.92175,0.0281992,0.630669,0.766602
1.25355,0.0241424,0.513372,0.604604
1.49851,0.0254816,0.529999,0.602287
1.41223,0.0226519,0.481242,0.563915
2.11004,0.0370967,0.778567,0.921026
2.45987,0.0318573,0.726464,0.931943
3.66957,0.0618117,1.41417,1.69364
2.18633,0.0350206,0.741375,0.855176
3.11764,0.0496452,1.07326,1.28608
3.14983,0.05725,1.20365,1.37573
1.56208,0.0261007,0.597556,0.730844
1.37986,0.0128251,0.244339,0.295424
2.8827,0.0566665,1.20828,1.39622
1.6908,0.0207277,0.480707,0.593108
2.89207,0.0466536,1.1023,1.34285
1.91638,0.0224378,0.504212,0.610254
2.25877,0.0324544,0.802026,1.01121
3.33865,0.0560829,1.18881,1.37584
0.815548,0.0129896,0.284134,0.345629
3.60781,0.0695713,1.50065,1.73147
3.06793,0.0600905,1.27577,1.47191
1.54976,0.0207507,0.475292,0.577353
3.9386,0.0565794,1.1755,1.48672
1.91537,0.0291792,0.5982,0.71057
1.78121,0.0336988,0.718382,0.837525
1.53895,0.0288122,0.623655,0.724797
1.37717,0.0258776,0.570976,0.67285
3.17913,0.0561781,1.22314,1.44909
2.26175,0.0421924,0.896891,1.04244
3.64442,0.0567861,1.17654,1.3637
4.60232,0.0826078,1.73562,1.97925
2.02122,0.0252683,0.500499,0.569124
3.21353,0.0574198,1.21174,1.46393
2.89448,0.0518454,1.10705,1.29819
1.74902,0.0329474,0.694853,0.806961
1.72978,0.0274474,0.582903,0.687077
2.09308,0.036703,0.767989,0.893864
1.62028,0.0229498,0.513681,0.617495
1.23784,0.0127082,0.267721,0.322276
0.522746,0.00649556,0.13726,0.178696
2.09249,0.0394535,0.859327,0.996727
3.65599,0.0638379,1.42418,1.68391
8.3098,0.0725289,1.40731,2.58266
1.88806,0.0348961,0.745645,0.85563
0.339285,0.00354125,0.0703693,0.0905513
2.02574,0.0389952,0.82941,0.952378
1.63256,0.0255187,0.538621,0.64914
4.68442,0.0763795,1.60957,1.97171
1.98043,0.0314873,0.664652,0.79233
2.68653,0.0293357,0.641163,0.882865
3.07131,0.0600416,1.27621,1.47905
1.39605,0.0263891,0.569861,0.658751
2.37232,0.0401496,0.875106,1.05288
2.80045,0.0419379,0.931336,1.11309
2.20372,0.037621,0.785016,0.904738
1.43815,0.0279796,0.596364,0.683498
2.99993,0.0525903,1.11027,1.31855
1.24666,0.0205004,0.429026,0.49122
1.2339,0.013766,0.326251,0.422238
1.14311,0.0180555,0.375649,0.445443
3.02798,0.0605308,1.28904,1.47312
5.53329,0.104077,2.19477,2.53403
3.48959,0.0559539,1.15622,1.33182
1.386,0.0215814,0.447966,0.521071
1.66252,0.0206892,0.439188,0.523203
1.62135,0.0275004,0.592744,0.711613
1.05101,0.0156654,0.336768,0.392809
1.66659,0.0235963,0.488935,0.616683
1.32241,0.0112606,0.239505,0.372912
3.75566,0.0551816,1.16283,1.35339
1.76316,0.0307278,0.650376,0.761422
12.4708,0.0501472,0.722182,3.0606
43.8433,0.10109,0.704222,9.75912
2.53072,0.0382712,0.858008,1.07259
1.34539,0.0236853,0.509725,0.602783
2.35094,0.0364621,0.759729,0.881481
3.43967,0.0527698,1.16764,1.39216
2.86884,0.055464,1.20612,1.39532
1.8854,0.0294504,0.61039,0.717019
1.86007,0.0296495,0.649221,0.796058
3.37617,0.0597803,1.25289,1.43542
1.60263,0.0249355,0.557906,0.672571
1.62528,0.0278867,0.603013,0.714364
2.60751,0.0456554,0.960345,1.14033
1.30678,0.0165411,0.343109,0.405212
5.19087,0.0879192,1.88876,2.18514
1.04951,0.0157734,0.338291,0.40475
2.07717,0.0237702,0.520611,0.638742
3.07058,0.0547323,1.16695,1.34519
0.142236,0.000444381,0.0120768,0.0298941
2.2041,0.0400641,0.865418,1.00871
1.4284,0.0262947,0.5601,0.656653
1.75279,0.0232981,0.469024,0.545237
2.1968,0.026361,0.639793,0.803263
2.2168,0.0389675,0.836291,0.979796
1.30063,0.0244742,0.52464,0.612381
1.5559,0.0212739,0.500005,0.62273
3.02195,0.052785,1.1049,1.28114
3.38593,0.0375877,0.748673,1.18585
1.47539,0.0239308,0.527185,0.636814
4.08904,0.0720187,1.51453,1.8453
2.58877,0.0401662,0.849043,1.03335
1.08671,0.0179572,0.394215,0.470031
1.74248,0.0279968,0.642815,0.771562
2.67126,0.0434705,0.912151,1.10202
2.57536,0.0502831,1.08636,1.26129
1.87967,0.0308438,0.646155,0.746996
1.51227,0.0276104,0.590394,0.678712
1.75183,0.0271899,0.562788,0.642519
4.01359,0.0515422,1.09631,1.30887
1.21308,0.0216982,0.455938,0.527769
2.11203,0.0370504,0.787336,0.90399
6.13146,0.121253,2.57773,2.95305
1.66374,0.0279218,0.630501,0.758364
0.955614,0.0154506,0.341498,0.40315
2.40702,0.0412993,0.900336,1.04991
2.16129,0.0339102,0.733687,0.864328
1.9593,0.0302675,0.623122,0.721333
1.64383,0.0272912,0.571932,0.682001
2.37742,0.0370382,0.822648,0.983603
1.97498,0.0346101,0.731165,0.870168
3.07391,0.0578854,1.24567,1.44885
1.63123,0.0299913,0.637938,0.743864
1.58561,0.0251077,0.520923,0.62214
1.75233,0.0287232,0.633481,0.759579
3.51955,0.0636761,1.3419,1.56426
4.21414,0.0744148,1.61064,1.92242
2.04291,0.0350144,0.75853,0.888122
3.71867,0.0637773,1.37119,1.65297
1.29261,0.0267614,0.569839,0.648263
3.55699,0.0704768,1.49587,1.71015
2.82984,0.0492713,1.06628,1.23848
2.48533,0.0411848,0.866921,1.00478
1.17399,0.0194666,0.405289,0.489533
1.51033,0.0287989,0.613667,0.715663
2.8369,0.0400487,0.900022,1.07548
2.121,0.0353567,0.789195,0.934745
1.39449,0.0248302,0.528602,0.639266
1.25606,0.0213019,0.462193,0.54276
0.676632,0.00950111,0.197462,0.258711
2.34008,0.0402105,0.857469,1.00345
2.21735,0.0386301,0.836979,0.982915
1.34029,0.025693,0.54921,0.642099
1.88538,0.0338898,0.720813,0.826896
1.65327,0.0163509,0.370327,0.567999
2.43026,0.0419567,0.876016,1.01008
2.91373,0.0521776,1.12654,1.30084
2.49163,0.0411228,0.856052,0.991357
2.95761,0.0506071,1.12758,1.33733
1.2427,0.0185588,0.394042,0.488327
3.29413,0.0636393,1.35128,1.54908
1.86088,0.0243479,0.570138,0.725304
0.827555,0.0161874,0.350312,0.405886
2.41736,0.0408536,0.85735,0.982414
1.39448,0.0155356,0.38154,0.483872
1.21709,0.0226134,0.481499,0.562653
1.89603,0.0256621,0.527299,0.698202
1.33304,0.0210916,0.442686,0.53126
1.85614,0.0314126,0.681272,0.815104
2.18852,0.0351392,0.750728,0.894142
1.6211,0.031028,0.658598,0.75544
2.04441,0.0318901,0.665356,0.770816
3.32462,0.0459042,1.00414,1.20415
1.81851,0.0282445,0.584321,0.696128
4.59006,0.0918995,1.95247,2.25492
2.83721,0.0485915,1.01624,1.18219
2.73167,0.0411208,0.887725,1.03772
2.68509,0.0403648,0.82926,1.01603
1.69568,0.0263993,0.588166,0.720035
1.75524,0.0271729,0.58307,0.680759
3.65993,0.0720836,1.55925,1.79775
1.74973,0.0309915,0.65291,0.759291
3.25375,0.0626107,1.32931,1.51633
0.507001,0.0041971,0.108251,0.177558
0.979963,0.0143642,0.352073,0.448198
3.38317,0.051695,1.14415,1.4114
0.921918,0.0178749,0.381865,0.447836
1.68571,0.0236942,0.503993,0.593774
1.57922,0.028423,0.598128,0.699179
1.1407,0.0192103,0.424432,0.511203
1.33228,0.0207033,0.482069,0.589073
0.961265,0.0146915,0.320434,0.389468
2.8636,0.0539595,1.18727,1.39239
2.11824,0.0385445,0.822038,0.951271
1.95435,0.0311309,0.678263,0.842644
2.79987,0.0435489,0.932611,1.17183
4.23895,0.0793416,1.77656,2.08596
3.72825,0.0645701,1.42008,1.66027
1.89134,0.0244575,0.505115,0.698034
2.29848,0.0381069,0.822834,0.973161
1.50519,0.0199361,0.407112,0.515366
2.11406,0.0348528,0.74487,0.863144
2.18279,0.0430453,0.911615,1.05429
2.35318,0.0417209,0.889828,1.04066
1.63386,0.02661,0.555654,0.659036
1.65258,0.0293752,0.636833,0.740501
1.22551,0.0150237,0.325657,0.387055
1.76365,0.0280719,0.621597,0.731522
1.92782,0.0326549,0.730604,0.878149
8.4192,0.16617,3.5558,4.09847
1.61247,0.0251302,0.52358,0.601634
2.77893,0.0487818,1.02631,1.17906
0.385013,0.00622205,0.139018,0.165586
1.68095,0.0314994,0.671469,0.783519
2.18047,0.0418002,0.897979,1.03247
4.0842,0.0774498,1.65912,1.91808
1.93571,0.032166,0.667068,0.769026
1.3514,0.0185587,0.433708,0.544252
2.04687,0.0183785,0.363451,0.575166
1.2739,0.0187422,0.384542,0.455733
5.06383,0.0718012,1.48961,1.91142
2.40623,0.0346314,0.707674,0.889706
2.37599,0.0389463,0.872107,1.03458
2.85354,0.0494028,1.03128,1.23315
3.01899,0.0550873,1.16205,1.35491
1.53743,0.0254518,0.565098,0.673695
1.97976,0.033088,0.708401,0.833902
2.31376,0.0395516,0.826085,0.984031
1.72513,0.0139696,0.341663,0.47817
1.11053,0.0118639,0.248861,0.304604
2.01259,0.0326574,0.687109,0.803516
0.811343,0.0115009,0.258216,0.317653
1.79709,0.0295484,0.62977,0.730124
2.57776,0.0474218,1.01124,1.16071
2.88655,0.0535193,1.15358,1.35944
2.99969,0.0560333,1.18014,1.35513
2.38763,0.0440789,0.932301,1.0741
1.68834,0.0185903,0.429941,0.545645
4.28274,0.0785484,1.65087,1.87929
2.54658,0.0413107,0.860533,1.01197
1.61811,0.0318347,0.678042,0.781997
1.77722,0.0311907,0.655041,0.779178
1.70284,0.0278002,0.62274,0.752312
1.97186,0.037218,0.810096,0.950995
1.64673,0.0309262,0.660062,0.765794
1.53502,0.0190987,0.407924,0.572042
3.2158,0.0559741,1.20852,1.41223
2.51278,0.0432748,0.926172,1.07831
2.49585,0.0439878,0.926707,1.07366
2.36579,0.0304896,0.629022,0.735861
3.57546,0.0675569,1.43981,1.65674
2.38263,0.0484172,1.03691,1.1862
2.36836,0.0258406,0.512535,0.627115
1.716,0.0326703,0.708237,0.818774
1.91714,0.0348845,0.734887,0.853676
2.48901,0.0446321,0.963794,1.13032
3.0366,0.0519891,1.14254,1.36778
2.27777,0.031079,0.636712,0.836313
2.38031,0.024869,0.522555,0.637707
1.54289,0.0251152,0.527499,0.618049
1.9106,0.0371047,0.806736,0.93057
3.42625,0.0574344,1.19559,1.40458
1.66342,0.0225413,0.475729,0.563526
1.03398,0.0152397,0.327526,0.386074
2.64964,0.0476172,1.01904,1.17331
1.7202,0.0292099,0.650468,0.768224
2.04626,0.0352511,0.741692,0.852437
1.07236,0.0196074,0.425513,0.508033
2.08795,0.0373472,0.818313,0.952798
1.31043,0.0164047,0.364125,0.446735
1.29062,0.0210966,0.43951,0.514691
2.45736,0.0445789,0.941694,1.0749
2.18035,0.0387289,0.810774,0.934099
1.73702,0.0321862,0.683383,0.785219
5.0148,0.074867,1.54246,2.05165
3.43403,0.0653216,1.40286,1.62753
2.53802,0.0449391,0.961522,1.1382
3.27347,0.0545961,1.15014,1.33889
1.76792,0.0310365,0.650373,0.744101
1.83662,0.0312417,0.661709,0.773432
3.13724,0.0456815,1.05809,1.27778
2.94287,0.0176985,0.432575,0.578161
0.88895,0.00915526,0.197049,0.237613
1.07066,0.0190278,0.406533,0.483562
1.38669,0.0267757,0.566756,0.66354
1.26168,0.013698,0.315883,0.388818
0.729839,0.0110449,0.231241,0.298942
2.91953,0.0541951,1.15454,1.33349
1.46888,0.0224936,0.475095,0.552022
1.1597,0.0175603,0.37755,0.45398
1.0622,0.0174269,0.37166,0.428726
2.9925,0.0516008,1.10022,1.32154
2.02695,0.0322979,0.694194,0.818178
2.11232,0.0227325,0.463753,0.542353
3.24551,0.0519351,1.0875,1.31487
2.98406,0.0421443,0.901387,1.06714
1.94449,0.0362669,0.766572,0.875403
2.56777,0.0469714,0.987486,1.1361
1.15218,0.0204123,0.443146,0.526709
2.18031,0.0365026,0.770788,0.896066
1.59805,0.0296425,0.627278,0.732487
2.40659,0.0435533,0.92355,1.07411
1.13402,0.0152703,0.34002,0.413567
3.31912,0.0444833,1.00352,1.2796
1.79535,0.0330721,0.706882,0.819774
1.87006,0.0331204,0.702474,0.816815
1.8227,0.0350923,0.765827,0.888127
4.70946,0.0823258,1.72767,1.9741
5.96318,0.107683,2.28654,2.66393
1.53855,0.0264065,0.565477,0.653655
1.30416,0.0226752,0.47493,0.550487
1.22738,0.0231233,0.502322,0.594024
1.82955,0.0355101,0.76456,0.889202
1.15054,0.0220607,0.465791,0.537842
1.21892,0.024523,0.521607,0.598257
2.29628,0.0417789,0.880022,1.01768
0.754148,0.0129157,0.271657,0.311078
1.76671,0.0225962,0.536654,0.669534
2.85385,0.0552172,1.17,1.34698
1.9149,0.0367263,0.788743,0.910958
5.23038,0.104861,2.23751,2.55525
2.30717,0.0174517,0.538325,0.792741
2.6992,0.0405907,0.862468,1.00219
1.17833,0.0162649,0.327695,0.382574
2.55277,0.0424377,0.882923,1.00855
1.8533,0.0296176,0.62776,0.738326
0.819072,0.011445,0.232538,0.275173
1.49881,0.0249786,0.557175,0.681993
2.97248,0.0566323,1.19982,1.40763
1.31533,0.0246665,0.529676,0.618621
2.69993,0.0333268,0.770306,1.02691
2.94964,0.037349,0.824944,0.99581
4.61388,0.0756838,1.64083,1.95022
1.27281,0.0240636,0.52055,0.606477
2.54201,0.0484186,1.0383,1.2004
3.07048,0.060344,1.27704,1.46093
2.25743,0.0391065,0.833292,0.969931
2.78834,0.0347731,0.698234,0.968897
4.28591,0.0821509,1.74132,2.0472
0.778029,0.00942281,0.210009,0.289629
1.74745,0.0266952,0.550036,0.678485
2.54181,0.042145,0.898458,1.05596
1.08552,0.0196963,0.430061,0.505966
1.72152,0.0299081,0.63326,0.741193
1.94925,0.0275337,0.565425,0.69863
2.48154,0.0490654,1.04085,1.19309
1.40045,0.0272728,0.578852,0.661134
1.2517,0.0212003,0.460941,0.547668
1.28979,0.0184381,0.401748,0.488421
2.25694,0.0355153,0.812936,0.98386
4.8385,0.089975,1.91813,2.20131
0.703129,0.0108194,0.235571,0.279049
3.30797,0.0620037,1.3476,1.5627
3.16051,0.0505988,1.1133,1.34083
1.78601,0.0281725,0.586101,0.670651
3.95097,0.0770627,1.65567,1.91642
1.43813,0.0273578,0.583699,0.6729
2.59751,0.0500937,1.08597,1.26251
1.63342,0.0299699,0.652707,0.763932
0.803845,0.0107446,0.236309,0.314602
2.56076,0.0379532,0.812644,0.962154
1.92982,0.0395238,0.846893,0.96709
0.757055,0.00366431,0.113528,0.199618
0.702367,0.00920632,0.207675,0.27601
2.7475,0.0505606,1.0709,1.23945
4.75559,0.0673967,1.39148,1.87317
2.01637,0.0360964,0.774588,0.904267
0.925153,0.00859536,0.239829,0.33278
2.91254,0.0523844,1.10861,1.27784
4.41999,0.0747538,1.6106,1.89218
4.26976,0.0704124,1.51328,1.80503
1.86449,0.0328341,0.727234,0.860317
1.35267,0.0229132,0.505748,0.599325
2.54856,0.0436643,0.95746,1.13907
6.00648,0.121565,2.58048,2.93843
1.55719,0.0288777,0.622964,0.717558
1.76846,0.0318259,0.66979,0.779972
3.58423,0.0649418,1.43063,1.67985
2.71793,0.0498157,1.04787,1.20213
1.71108,0.0277551,0.577135,0.680888
0.91763,0.0118949,0.245058,0.299056
1.31961,0.0162435,0.351452,0.42495
4.74362,0.0610152,1.57662,2.01762
2.06967,0.0328037,0.677861,0.773242
4.23401,0.0723782,1.59366,1.87941
1.38012,0.0184899,0.46347,0.583433
1.9458,0.0224167,0.455319,0.543819
2.73868,0.0514138,1.09922,1.26085
2.53177,0.0431429,0.904847,1.11042
3.5363,0.0675778,1.45342,1.6844
3.46012,0.0646062,1.36638,1.58083
1.28758,0.025432,0.542276,0.623719
2.40249,0.0354918,0.820171,0.99297
4.91411,0.0969516,2.07977,2.38882
1.10061,0.016405,0.369277,0.444911
1.64965,0.0185773,0.474161,0.671971
1.71751,0.0290116,0.626738,0.745792
1.53398,0.0221141,0.474807,0.565447
1.21805,0.0221575,0.47056,0.555303
2.34087,0.0437439,0.954598,1.12217
1.91407,0.0229949,0.490192,0.593114
0.985126,0.0160596,0.333031,0.413391
2.87118,0.0537049,1.15288,1.33507
3.01852,0.0544419,1.16387,1.34203
1.04248,0.0172175,0.378463,0.454245
2.02873,0.0265205,0.621677,0.771121
2.75356,0.0508935,1.08765,1.24949
0.698804,0.0107865,0.236976,0.279292
3.31689,0.0635505,1.34775,1.54024
2.43695,0.0318002,0.759756,0.941968
2.88173,0.0480455,1.05489,1.24225
1.59013,0.0169291,0.389223,0.48759
1.49491,0.0252434,0.53718,0.636319
4.09579,0.0675044,1.43209,1.75246
3.4902,0.0628193,1.33043,1.58005
3.601,0.0635088,1.34262,1.55341
2.40849,0.0335364,0.776728,0.954772
1.74715,0.0268054,0.610939,0.742804
2.09156,0.036221,0.783986,0.947953
2.0567,0.0263637,0.537132,0.63303
2.17176,0.0326871,0.69393,0.842212
0.676788,0.00744448,0.181072,0.245016
2.44071,0.0346035,0.700335,0.805138
5.2916,0.0907719,1.89439,2.15916
1.42285,0.0207312,0.473575,0.580464
1.28713,0.0191231,0.401022,0.476759
1.97387,0.0405476,0.870272,0.995202
1.97017,0.0351032,0.739268,0.852341
1.19122,0.0232691,0.495209,0.574656
2.28183,0.0380441,0.856926,1.02455
2.11835,0.0401998,0.850442,0.968673
3.21336,0.0601079,1.26722,1.44421
3.07783,0.0525785,1.11934,1.28869
2.34761,0.0394006,0.838906,1.00279
2.46804,0.0424338,0.921709,1.10596
2.28521,0.0447695,0.968089,1.11405
1.50489,0.0284229,0.599449,0.701024
1.66173,0.0320181,0.68354,0.784814
2.24508,0.0353697,0.770024,0.89953
0.952195,0.0181268,0.383674,0.452589
1.77125,0.0182197,0.366869,0.431266
1.89422,0.0354456,0.770668,0.90444
1.35127,0.0223522,0.466963,0.537317
2.11904,0.0307679,0.653674,0.804113
1.56469,0.0299768,0.636232,0.727144
0.951825,0.0134159,0.278105,0.325751
1.98077,0.0268307,0.548503,0.657495
1.22538,0.0174255,0.386871,0.477388
2.04982,0.0326615,0.678411,0.791717
2.23861,0.0305655,0.630723,0.760719
1.68959,0.0309142,0.649572,0.743883
2.40744,0.0406039,0.88499,1.04889
2.71981,0.0531319,1.13084,1.30235
4.22562,0.0814489,1.73615,1.99129
1.10526,0.0154773,0.352623,0.441316
1.58738,0.0260795,0.569096,0.699949
2.66043,0.037484,0.817175,1.09275
2.02182,0.0350006,0.745675,0.867574
2.30845,0.037321,0.773277,0.880772
2.3522,0.0382575,0.791839,0.901756
3.16645,0.0486734,1.04432,1.22254
2.21296,0.038962,0.819329,0.945596
2.08019,0.0336362,0.702688,0.820089
2.80847,0.0555448,1.18944,1.3738
2.60084,0.0489559,1.0552,1.21843
4.75907,0.0433766,0.822083,1.43885
0.982657,0.014799,0.30939,0.372533
1.31493,0.0236826,0.499282,0.56973
