192,1463,5,5,435,6
165,2251,4,5,154,7
199,1974,5,5,234,4
280,2090,6,5,284,4
268,1390,4,6,428,6
136,1748,5,5,169,4
196,1942,4,5,192,4
197,2355,6,5,249,4
256,1735,5,4,159,4
134,1393,5,4,300,5
147,1656,4,5,157,4
167,2184,5,4,289,5
154,1461,4,6,177,6
132,1572,4,4,128,5
110,1590,5,5,185,5
315,2268,5,4,236,5
108,1535,6,5,137,4
287,2217,5,5,167,5
218,2579,5,5,428,5
136,1438,5,4,222,5
170,2018,5,5,183,5
331,1280,4,6,79,5
135,1587,5,5,241,5
302,2012,4,5,256,4
176,1335,4,5,104,5
179,2053,4,5,163,5
177,2081,5,5,143,5
174,2483,6,5,137,5
153,1954,4,5,174,4
187,1406,6,5,153,4
144,2681,4,5,134,5
189,1658,5,5,339,4
219,2214,5,4,307,4
201,1822,5,5,306,4
167,1719,5,5,68,5
128,1654,4,5,161,4
254,1402,5,4,179,5
147,2486,5,5,130,6
117,2910,5,5,278,6
96,2262,5,5,176,6
130,1435,4,4,410,4
134,1719,4,5,101,6
314,2633,5,5,272,4
214,2922,5,5,224,6
312,2208,5,5,125,5
141,2115,6,6,155,4
204,1707,4,5,272,4
119,1836,6,4,218,5
176,2157,4,5,151,4
301,2335,4,5,137,5
154,1425,6,5,149,5
97,1438,4,5,510,5
142,1978,5,5,241,4
211,1908,5,5,83,5
196,1947,5,5,205,4
251,2584,5,4,188,6
148,2542,5,5,146,5
84,1404,6,4,157,4
84,2287,6,6,214,4
166,1660,5,5,193,5
237,2235,5,5,171,5
233,2610,5,5,368,5
272,2112,6,6,179,6
196,3050,3,5,269,4
222,3065,5,5,238,4
366,2568,5,6,192,5
172,1838,5,5,248,5
70,1965,3,5,108,5
194,1983,4,5,228,6
205,2420,4,4,205,5
285,2576,5,6,137,5
205,2000,6,4,148,5
107,1842,5,5,165,5
355,1598,4,5,158,4
235,1655,5,5,186,4
231,1865,5,5,156,6
259,1888,6,5,196,4
213,2094,5,5,121,5
111,1368,5,5,146,5
92,2985,4,5,111,5
171,3122,4,5,165,4
201,1593,5,5,109,5
253,1677,5,5,161,4
116,1404,6,5,200,4
95,1561,5,5,247,5
375,2267,4,5,251,5
134,2426,5,5,145,6
201,1359,5,4,137,5
240,1750,4,5,151,5
300,2190,5,5,171,6
164,1455,4,5,127,4
101,2020,6,5,167,5
149,2488,5,6,216,5
172,1954,5,5,335,6
222,2018,4,6,167,5
117,3483,5,5,173,5
154,1921,4,5,160,5
82,1524,4,5,272,4
193,2578,6,5,119,5
144,2797,6,5,287,5
225,1273,5,5,259,5
339,2515,5,5,187,5
156,1889,6,5,247,5
120,2649,5,6,140,4
221,1999,5,5,253,4
101,2106,5,5,178,5
86,1646,4,5,211,5
128,2269,5,5,130,6
292,2417,6,5,277,5
414,1842,4,5,208,4
218,2800,5,5,280,5
91,2340,5,5,171,5
191,1534,4,4,248,4
207,2131,6,5,188,5
239,1932,6,5,432,5
224,2165,5,5,176,5
251,2566,5,4,331,5
131,1681,5,5,152,3
184,2775,4,4,142,5
171,2325,5,5,284,5
166,2183,5,4,354,5
142,2624,5,4,339,4
134,1757,4,5,174,5
178,2661,6,5,222,5
111,2671,5,5,164,5
183,2077,5,5,186,4
207,1682,4,5,173,6
140,1828,4,5,257,4
154,1719,5,5,184,5
299,2187,5,5,165,5
455,1930,6,5,385,4
170,2087,6,5,174,4
248,2414,4,5,236,4
170,2216,6,5,290,5
204,1571,4,4,193,5
289,1973,5,5,230,5
199,2085,4,5,233,5
353,3430,4,5,147,5
286,1573,5,5,287,5
276,1768,5,5,459,5
282,1317,5,4,183,5
197,2207,4,5,136,4
354,3441,4,5,389,5
104,2294,5,5,167,5
120,1102,5,5,256,5
116,2601,4,5,218,5
268,2229,5,5,207,6
318,1803,5,5,483,5
140,2558,5,5,94,5
158,2200,7,5,117,4
141,1845,5,5,180,5
181,1760,4,5,272,5
142,1631,6,5,102,6
111,2546,4,5,292,5
271,1968,5,4,429,6
150,2455,4,5,100,4
197,1887,4,5,261,5
269,2253,5,5,199,5
192,3176,5,5,168,5
175,2181,5,5,239,5
179,2206,6,5,286,5
254,1553,5,5,83,5
236,2090,5,4,218,4
251,2172,5,6,177,4
316,1800,5,6,140,5
192,2174,5,5,197,5
212,2335,5,6,283,5
240,1436,5,5,193,4
338,1363,4,4,201,4
112,3038,5,5,128,4
311,1733,4,5,178,5
159,1072,5,5,239,5
451,2165,4,5,184,4
144,2174,4,5,198,6
305,2536,3,5,200,5
116,3174,5,5,170,5
193,2007,6,4,152,4
223,2235,4,5,190,5
401,1659,4,5,194,5
161,1973,5,4,209,5
237,2549,4,5,183,5
318,2284,5,5,449,5
112,2337,5,5,157,4
275,1372,5,4,146,5
188,2356,5,4,128,5
110,2088,4,6,113,6
173,2404,5,5,142,6
84,2042,6,4,167,5
212,1698,6,5,165,5
278,1581,5,5,287,5
279,1593,4,4,242,4
116,2124,6,5,81,4
220,1528,5,5,178,5
192,1851,4,5,187,5
207,1873,5,5,154,6
227,2510,5,6,180,5
106,1670,4,5,278,5
152,1860,6,5,324,5
249,2670,4,5,211,5
221,2506,4,5,252,5
187,2810,6,5,161,5
339,2887,4,5,148,5
190,2479,4,5,387,5
154,2261,7,5,296,5
121,1590,5,5,128,4
175,1540,5,5,185,5
452,2723,4,5,147,5
119,2233,4,4,140,5
162,2079,4,4,210,5
228,1778,5,4,149,4
150,3003,4,5,180,5
217,1566,5,5,124,5
189,1871,5,4,232,5
167,1828,6,5,334,5
110,1132,4,4,94,6
150,2721,4,5,115,5
228,1670,5,5,306,4
186,1930,4,5,108,4
217,3759,5,4,107,4
182,2011,4,4,915,4
80,2898,5,5,132,6
257,2426,7,4,184,5
195,2008,6,6,216,4
199,2409,5,5,229,5
218,1968,4,6,214,4
250,1854,6,5,180,5
168,2662,6,5,131,5
352,1880,5,5,246,5
135,1803,5,6,86,7
190,1566,5,5,151,5
365,1295,5,5,131,4
90,2797,4,5,149,4
148,1879,4,6,359,5
131,1401,6,5,138,5
161,1794,5,5,242,4
198,3845,5,6,179,6
186,1792,6,5,120,5
129,1304,5,5,345,5
223,1462,5,5,242,5
263,1943,5,4,178,5
108,1563,4,5,151,5
117,1867,5,5,218,7
169,2700,5,5,223,5
141,1857,4,5,350,5
267,1677,4,6,225,6
297,1614,5,5,202,4
332,1735,5,5,163,5
116,1881,5,6,176,6
135,2206,6,5,185,4
152,2071,4,5,104,5
382,1446,5,5,246,7
188,2299,4,4,243,5
242,1885,5,5,313,4
185,2987,5,5,105,5
430,2155,6,5,231,4
176,1854,6,4,104,4
174,1954,4,4,99,4
177,4045,4,4,126,6
253,2370,5,6,180,5
107,2067,4,6,137,6
160,2021,4,5,145,5
282,1875,5,5,244,4
372,2374,5,5,150,5
89,1892,5,5,120,4
153,1787,5,5,560,5
170,2146,4,5,129,4
157,1098,6,5,207,5
114,1725,4,5,189,5
416,2391,4,5,308,5
198,2613,5,5,317,5
91,947,5,5,218,5
363,1999,5,5,192,5
428,3018,6,5,230,5
430,1172,4,5,140,5
152,2122,5,5,155,5
180,2421,6,5,212,4
383,1876,5,5,240,5
262,3326,5,5,163,5
139,2102,5,5,236,5
142,2047,6,5,336,5
151,2614,4,5,204,6
176,2053,4,5,186,5
161,2252,5,5,185,5
293,2159,4,5,134,4
205,3040,4,5,139,4
205,1987,5,5,115,5
211,2532,4,5,189,4
198,2145,5,5,127,4
192,1591,5,5,97,4
192,1769,6,5,375,5
367,2514,6,5,363,5
240,2560,4,5,129,6
278,1440,5,5,163,5
237,3085,6,5,156,4
156,1924,5,5,359,4
324,2159,5,5,216,5
304,2193,5,4,267,4
235,2066,4,4,307,5
137,1444,4,5,164,4
244,1642,5,5,139,4
143,876,5,5,269,5
121,1768,5,5,160,5
97,2070,5,5,260,5
121,2192,6,6,87,4
163,1586,5,4,237,4
167,1713,5,5,132,4
62,1632,5,5,204,5
226,1797,5,5,309,5
155,2397,4,5,301,5
346,1953,5,5,239,4
117,1247,5,6,140,6
172,2770,5,5,334,5
252,2057,5,5,307,4
226,1839,5,5,115,4
164,1692,6,4,220,5
174,1823,5,5,201,5
247,1787,4,5,218,4
117,2576,5,5,152,5
197,2311,5,6,218,6
317,1457,6,5,185,5
250,1619,6,5,197,4
237,2589,5,5,113,4
189,1676,5,5,113,5
225,2042,5,5,207,5
151,2225,5,5,185,5
166,1736,4,5,147,5
166,2476,6,5,122,5
247,1940,4,5,221,5
167,2458,6,5,156,5
147,1974,4,4,136,6
116,1662,5,5,282,5
137,1956,5,5,133,5
305,1382,3,5,243,5
260,2170,6,5,195,5
276,2438,5,5,131,5
114,1837,5,5,79,5
135,3049,4,5,165,4
143,1906,4,6,265,5
253,1948,5,5,273,6
264,2299,4,5,289,4
303,2117,5,5,98,5
155,1581,5,5,186,4
272,1959,3,5,224,4
206,2048,4,5,113,5
155,1513,4,5,167,5
161,1938,4,5,208,6
215,2685,5,5,254,5
149,2015,5,5,165,4
222,2330,5,5,59,5
122,1962,5,5,193,5
338,2888,4,5,158,4
168,2802,5,5,142,4
184,2499,5,6,192,5
178,2173,4,5,195,5
339,2160,6,5,96,4
143,2280,5,4,263,4
339,1965,4,5,189,5
202,2414,6,5,295,6
254,2158,5,5,301,6
271,940,4,5,136,4
309,2128,5,5,415,4
233,1632,6,4,329,3
217,1726,5,5,107,5
284,2393,5,4,285,5
277,2796,4,5,226,5
253,2274,6,5,272,6
338,3316,5,5,261,5
233,1846,5,5,315,4
120,2243,5,5,181,5
305,2321,6,6,266,4
221,1872,4,5,79,5
154,2049,4,4,197,5
153,1618,5,5,338,5
345,2886,5,5,249,5
203,1223,5,5,151,5
196,1978,5,5,257,5
333,1386,5,5,286,4
326,1967,5,5,199,4
252,1390,4,4,91,5
119,1350,5,5,223,4
216,2669,5,6,393,5
116,1634,7,5,306,5
343,2299,6,5,374,5
122,2649,5,5,155,5
184,2338,5,5,89,5
342,1715,4,5,261,6
161,2324,6,5,103,6
163,2899,5,4,161,5
287,1351,5,4,137,6
96,1026,5,5,159,5
312,2300,3,5,171,4
140,1826,5,6,229,4
145,2227,5,5,386,5
165,2739,4,5,284,5
121,2134,4,5,288,5
196,1176,5,5,221,5
124,1857,5,5,126,5
419,2419,3,5,158,5
321,1671,5,5,112,4
319,2171,5,5,174,4
151,1511,4,4,217,5
162,1226,5,5,179,4
280,1640,4,5,113,5
265,1794,4,5,144,5
115,2212,6,4,248,5
101,1411,5,5,152,5
109,1752,5,5,159,5
197,2453,5,5,152,4
345,2189,4,4,152,4
187,1893,5,5,109,5
183,2254,5,5,100,4
257,1835,5,4,205,5
265,1878,4,5,268,6
168,2419,4,5,178,5
114,1576,5,4,116,6
128,2038,5,4,281,4
136,1460,5,5,231,6
235,2147,4,5,85,4
80,2436,5,5,375,6
108,1667,5,5,210,5
173,1376,5,5,205,4
196,1597,5,4,181,4
135,2075,5,5,68,5
346,3372,5,5,222,5
159,1475,5,4,214,5
169,1927,5,4,428,4
209,1939,6,5,159,4
120,1687,5,4,220,5
222,2607,4,4,141,4
378,2069,5,5,203,4
103,2352,5,5,177,5
150,2178,5,5,301,5
380,1644,5,5,142,5
208,1331,5,5,178,6
161,2064,5,5,461,6
340,2721,5,6,232,5
191,3352,4,5,126,4
166,2272,4,5,205,4
183,1864,6,4,103,5
252,1342,5,5,87,5
197,1945,5,5,281,6
200,1290,5,5,294,5
155,2317,4,4,132,5
183,1517,6,5,153,5
202,2571,5,5,293,4
129,1684,5,5,193,4
112,1318,5,5,55,4
222,2835,5,5,127,4
165,1596,6,5,441,4
253,1782,5,5,395,4
171,2026,6,6,144,5
261,1891,5,4,138,5
133,2585,5,5,212,5
506,2124,4,5,298,4
116,1795,5,5,232,4
213,1484,5,5,642,5
106,1860,5,5,227,5
171,2931,5,4,195,4
173,2328,5,5,241,5
152,1720,4,5,176,4
137,2035,6,5,141,5
292,2232,6,4,355,4
156,2867,4,4,243,5
229,1872,4,5,227,4
159,2558,6,5,112,4
306,3098,4,4,157,4
263,1325,5,5,231,5
367,1962,4,5,123,5
268,1507,5,5,155,4
234,1675,5,5,150,6
188,1327,6,4,159,5
142,1463,4,4,177,5
189,1957,4,5,157,5
189,2151,6,5,307,5
202,1019,5,5,187,6
172,1961,5,5,151,4
165,2094,4,5,158,4
271,1907,4,5,122,5
211,1152,5,5,171,4
189,2080,5,5,298,5
279,1508,5,5,380,5
148,3163,7,5,70,5
319,2468,5,4,296,4
171,3044,4,5,256,5
323,2807,5,5,418,4
228,2347,5,4,201,4
248,2488,5,5,93,5
156,2186,3,5,285,4
88,2142,5,6,189,5
122,1947,6,5,146,5
277,2489,5,5,133,4
377,2291,5,5,352,5
262,2775,5,5,199,5
313,2388,5,5,359,5
131,3206,7,5,202,5
193,2183,5,6,151,5
251,2601,6,5,152,5
403,2269,5,6,272,5
250,1749,5,5,204,4
189,2506,6,4,317,4
240,2310,4,6,132,5
142,1877,6,4,194,4
288,1695,6,5,310,4
279,2346,5,4,158,4
166,1677,6,5,112,5
99,2573,4,5,114,5
284,1738,5,5,322,5
157,1652,4,5,213,5
98,2491,5,5,104,6
166,2186,5,5,159,4
111,1336,4,4,113,4
222,2107,5,5,356,6
133,2114,4,5,184,5
193,2232,5,6,181,4
256,2288,5,5,249,6
231,1649,5,4,284,4
196,3234,5,5,143,5
295,1873,4,4,181,5
123,1263,7,5,150,5
217,2162,5,5,145,5
115,1379,4,4,200,5
205,1821,4,5,419,5
214,1657,4,6,145,4
182,2795,6,4,185,4
193,2136,5,5,129,5
162,2202,5,4,153,4
310,2300,5,5,242,6
388,1936,3,4,118,5
179,1842,5,4,355,4
143,1579,4,4,313,4
125,1686,5,5,140,4
77,1923,5,4,104,5
222,2382,5,4,290,5
278,2376,4,5,116,5
281,2152,5,5,175,4
133,1611,6,5,158,4
133,1671,5,5,153,5
261,2169,5,5,158,5
218,1910,5,4,166,5
139,1813,4,4,119,7
126,2624,6,5,177,5
246,1434,5,5,217,4
174,2600,6,5,191,5
140,1320,5,5,82,5
104,1908,4,4,143,5
304,1878,4,5,233,6
242,2622,6,5,198,4
204,2486,5,5,222,6
145,1698,4,5,218,4
416,1570,5,5,194,5
121,1697,4,6,178,6
156,1477,5,5,166,4
267,1983,5,5,174,4
164,1684,5,5,199,5
190,1316,5,5,259,4
155,2351,4,4,169,4
88,2654,4,5,172,5
160,1429,4,5,388,4
279,3319,6,5,323,6
220,1955,5,5,155,4
291,1966,5,5,202,5
112,2967,6,5,284,5
352,2424,5,5,206,4
150,3094,5,5,200,5
396,1947,5,6,139,4
132,1824,5,5,188,6
120,1682,4,5,254,5
260,1980,3,5,162,5
253,2804,4,5,135,4
232,1833,5,4,157,5
99,2070,4,6,139,6
130,2485,4,5,258,3
249,2320,5,5,184,4
286,1611,6,5,316,5
289,2490,4,5,275,5
214,888,6,5,273,5
123,2628,5,5,200,5
222,1543,5,5,385,5
315,2277,5,5,315,3
186,2020,4,5,357,4
351,2006,4,5,253,4
151,2083,4,5,147,6
144,1912,5,5,222,4
278,1685,5,5,189,3
328,2255,5,5,333,4
114,4180,6,5,288,6
256,1743,5,5,177,4
392,1506,4,5,361,5
93,1659,5,6,260,5
136,2193,5,5,223,4
229,1949,4,5,142,5
402,2834,4,5,93,5
264,1666,5,5,98,7
156,1838,5,5,299,4
192,2286,5,5,166,5
251,1979,5,5,348,5
243,2669,5,4,201,4
240,2510,5,5,86,4
154,2141,5,4,118,4
182,1697,5,5,203,6
200,2485,5,5,257,5
170,1691,5,5,278,4
158,1896,5,6,294,6
178,2003,4,4,179,5
194,1884,5,5,191,5
532,1585,5,5,217,5
129,1896,4,5,348,5
251,2150,4,5,174,5
104,1768,6,5,169,6
88,2587,6,5,330,5
147,1768,4,5,322,5
277,1624,5,5,268,5
191,1765,5,5,204,4
392,1965,5,5,326,4
221,1352,6,5,191,6
166,1857,4,5,310,5
215,1906,5,5,171,4
221,2425,7,5,327,6
179,2552,4,5,178,4
164,2130,6,5,240,4
208,1621,4,5,493,4
158,2154,6,5,171,6
190,2039,5,5,148,6
216,2495,5,5,306,5
152,1551,4,5,158,5
184,1809,4,4,139,5
245,1902,4,5,192,5
465,1905,5,5,198,4
162,2729,6,5,118,4
107,2699,4,6,153,4
176,1443,5,5,267,5
186,1590,4,5,104,6
162,2139,4,6,276,5
121,2133,6,6,223,5
192,2064,5,5,107,4
368,2712,5,5,184,5
172,1579,5,5,124,5
160,1514,5,5,141,5
170,2203,4,6,153,4
199,2585,5,5,224,5
247,1943,4,6,116,5
139,3216,4,5,402,6
151,2570,5,5,180,5
85,1172,4,5,329,4
142,2525,5,5,269,4
265,1910,6,5,165,6
365,1555,5,6,154,4
131,1505,5,5,206,5
156,1666,5,5,235,5
388,1787,5,4,166,5
161,2149,5,5,129,5
163,2338,4,5,387,5
137,1790,5,5,169,5
195,2002,4,5,126,5
233,1646,6,5,117,5
265,2085,4,5,140,5
129,2278,5,6,96,5
291,2707,5,5,219,4
134,2105,5,5,313,5
227,1598,4,5,203,5
161,1794,5,5,151,5
141,1238,4,4,122,5
263,2224,4,5,181,5
216,1549,5,5,155,6
270,3239,4,5,239,4
137,1847,6,5,151,6
152,1544,5,5,159,5
158,1279,4,5,112,5
114,1340,4,5,203,4
183,1974,5,5,305,5
211,3058,6,4,144,4
197,2230,5,5,131,5
228,2663,5,4,251,6
322,2162,4,5,156,6
138,2389,6,5,91,4
187,2282,5,5,151,5
169,2788,5,5,156,4
267,2052,5,6,147,6
189,2024,5,5,96,5
196,2259,5,5,165,4
211,1806,4,5,55,4
223,2595,4,5,249,4
252,1623,6,5,308,6
124,1776,5,5,174,5
180,1813,5,5,248,6
248,2523,5,5,128,4
214,4089,4,5,177,5
182,1295,6,5,114,5
181,1812,4,5,205,5
347,2523,4,6,180,5
88,1709,5,5,128,4
225,1874,5,5,285,6
209,1682,4,5,177,6
330,3649,5,5,331,6
102,2087,3,5,100,5
184,1582,5,5,104,5
268,1952,4,4,273,5
220,1697,5,5,159,5
447,2211,5,5,117,5
273,2256,4,5,154,4
314,2110,4,5,138,5
180,1409,5,5,173,5
159,2265,5,5,167,5
205,2471,5,5,252,7
221,2536,5,4,219,5
157,1064,4,5,124,5
119,1928,5,5,128,4
142,2050,4,5,225,5
131,1814,6,6,250,4
150,2927,4,4,261,4
292,1505,4,5,111,6
156,1899,5,5,235,5
186,2555,4,5,223,5
259,2369,5,4,185,6
272,2746,5,5,139,4
165,1721,5,5,256,5
368,2309,5,5,77,5
230,2915,4,5,248,5
196,1771,4,4,285,5
260,1938,5,6,241,5
80,1945,5,4,161,5
133,1801,4,5,157,3
322,1791,4,5,133,5
268,1570,4,5,180,5
364,1965,5,5,265,5
170,2072,5,6,206,5
192,1771,4,5,274,6
98,1893,4,5,195,4
224,1943,5,5,90,5
273,1916,6,5,106,4
123,1440,6,6,126,4
172,1448,4,5,294,5
295,3167,5,5,285,4
122,2242,5,5,199,4
112,2014,4,5,368,4
168,2436,4,4,101,5
300,2513,5,4,176,4
201,2362,5,5,192,4
133,2872,5,5,146,6
290,2562,6,5,206,6
165,1907,4,4,128,6
134,2961,6,5,156,5
138,1524,3,5,99,5
163,1540,5,5,150,5
161,1039,5,5,140,5
157,2326,5,5,194,4
199,1880,5,5,191,4
269,1381,5,5,196,5
225,2490,4,5,260,5
164,2630,4,5,86,5
378,1614,5,5,480,5
185,2878,5,5,90,6
230,2150,4,4,355,5
160,2892,4,5,411,4
168,2059,6,5,339,6
104,1735,4,5,210,4
231,3105,5,4,181,5
260,1926,4,5,196,4
123,1230,5,5,209,4
167,1363,5,5,175,5
274,3319,4,5,150,5
150,2176,5,5,145,5
199,2067,5,5,309,6
229,1857,4,5,178,4
267,2091,5,5,133,5
165,1348,4,5,104,5
148,1431,5,5,178,6
267,1608,4,5,231,5
95,2047,5,5,110,6
227,2240,4,4,88,4
202,1652,5,5,118,6
166,2471,4,5,147,4
281,1629,4,4,249,6
109,1596,5,5,137,7
241,1849,5,5,170,4
219,2370,4,5,340,4
536,1992,5,5,135,4
276,2487,5,5,140,5
182,2294,4,4,213,5
249,2397,5,5,221,5
177,2051,6,5,259,5
146,1334,6,5,112,4
360,2404,4,5,150,5
77,1552,4,5,268,5
295,1221,5,5,319,5
188,1629,4,5,110,5
198,1749,6,5,317,5
317,2036,4,5,164,6
215,2523,5,5,189,4
166,2125,5,5,140,5
173,2173,4,5,193,4
218,2409,5,6,367,5
268,2688,5,5,111,5
329,1406,4,4,314,5
246,2209,5,5,148,4
136,2254,5,4,327,6
74,1730,4,5,133,5
193,1933,6,4,170,5
162,1476,4,5,329,5
243,1423,6,6,199,4
276,3371,5,6,195,6
244,1586,5,5,163,5
260,1851,5,5,114,6
169,1861,4,5,196,4
148,2196,6,5,289,7
225,1764,5,5,108,4
156,1403,6,5,156,5
179,1801,5,5,207,4
125,1598,4,6,195,6
270,2416,4,5,289,5
207,2014,5,5,131,5
118,1899,6,5,248,5
479,1707,4,5,204,6
172,1232,4,5,218,6
143,1794,4,5,198,5
112,2800,4,5,205,5
220,2575,6,5,374,5
93,1321,5,5,178,5
175,2003,4,5,262,4
254,2600,4,5,187,5
243,2241,4,4,266,5
409,1601,5,5,219,5
158,3389,5,5,219,5
321,2676,5,5,237,5
178,2557,5,5,257,5
152,1386,4,5,173,4
113,2310,4,4,280,5
174,2399,6,4,149,3
273,1425,5,5,94,5
174,3081,5,4,213,5
107,2380,4,4,245,4
156,1351,6,5,226,4
117,1797,5,4,173,5
194,1590,5,5,99,5
342,1453,4,6,278,4
99,1802,5,5,312,5
261,2445,5,5,343,5
111,2485,6,5,147,5
352,3355,4,5,102,4
204,1304,4,5,205,5
218,1770,4,5,291,5
285,2074,5,6,230,5
126,2199,5,7,221,5
139,1445,5,5,192,5
286,1271,4,5,250,5
153,2169,5,5,298,5
383,1562,4,5,120,5
201,2301,5,5,111,5
202,1481,5,4,131,4
302,1868,6,5,264,5
265,2699,4,5,367,4
154,2300,4,6,115,5
211,1596,4,5,464,4
185,2226,4,5,136,4
111,3049,6,5,235,4
255,2238,5,5,133,4
283,2491,5,4,174,6
428,2077,5,5,342,5
147,2686,3,4,169,5
314,1372,5,5,183,4
180,2417,6,5,236,5
183,1505,4,5,93,5
295,2086,5,6,138,5
95,1934,5,5,130,4
72,1951,6,5,161,3
190,2009,3,5,269,4
303,2371,4,6,149,5
120,2151,5,5,317,5
154,2332,4,6,336,5
220,1666,6,5,228,5
286,1726,4,5,469,4
82,1690,4,5,403,5
177,1299,5,5,154,6
194,2592,5,6,277,6
182,1852,5,5,122,4
150,1938,5,5,292,4
177,3762,3,5,159,5
345,2114,4,5,124,5
227,1905,5,5,322,5
181,3134,6,5,184,4
126,1895,4,4,201,5
284,1469,4,5,210,6
154,1694,5,4,166,5
196,1748,6,4,245,4
124,2036,5,6,89,6
138,1391,5,5,278,5
225,2077,4,5,263,5
391,1513,5,5,233,6
199,1854,5,5,304,6
108,1386,5,5,256,5
141,1588,5,5,173,4
135,2027,4,5,237,5
288,1837,4,5,220,4
195,1693,4,5,145,4
373,2696,4,5,143,6
172,1623,4,5,201,5
134,1253,5,5,161,6
186,1591,4,5,139,5
178,2494,5,5,119,5
175,1750,6,5,139,5
287,2162,6,6,84,5
214,1861,5,5,95,5
229,1855,5,4,169,4
118,1347,5,5,369,5
81,1447,4,5,109,6
172,1752,6,5,150,5
358,2830,5,5,232,5
213,1863,4,5,289,5
204,2245,4,5,399,5
146,2317,4,5,200,4
142,2505,4,4,395,3
174,2550,5,5,320,5
190,1313,5,6,104,4
450,2312,4,5,269,5
148,2571,5,5,199,4
235,1599,4,5,194,5
445,2200,4,5,186,5
175,2018,5,4,232,5
307,2567,4,5,152,5
129,2536,4,5,214,6
244,2932,5,5,105,6
281,2879,5,5,179,5
386,1411,4,5,128,6
184,1610,4,5,275,5
284,3458,4,4,218,4
237,2220,4,5,186,4
164,1582,4,5,225,6
228,1757,5,4,127,4
131,2089,6,5,148,5
80,1780,5,5,327,4
173,1413,4,5,137,5
279,2614,4,6,135,4
222,1996,4,4,194,5
258,1782,4,5,165,4
166,1647,5,5,230,5
157,1823,5,5,148,5
186,2339,6,5,109,6
312,2603,6,4,195,5
401,2902,4,5,389,5
269,1953,6,5,267,5
120,1806,5,5,108,5
289,1542,4,4,171,4
119,2030,5,5,139,4
172,1853,4,5,232,5
161,1962,7,5,206,5
122,2413,5,4,153,4
210,2015,4,5,259,5
286,1960,5,5,179,6
106,2241,5,5,184,6
264,2489,6,5,166,4
157,2404,4,5,214,5
186,3617,4,5,168,5
193,3014,5,5,209,5
154,1753,6,5,102,5
120,2449,4,5,159,5
173,2051,5,5,250,5
229,2307,4,5,113,5
252,1781,4,5,184,7
265,2404,5,5,255,5
161,1964,5,4,263,6
308,1656,4,5,159,4
153,2727,4,5,191,6
167,2940,5,4,341,5
124,2211,4,5,221,4
171,1669,5,5,161,4
191,1632,5,5,214,5
206,1611,5,5,176,5
198,1871,4,5,260,5
406,1569,5,5,236,6
300,2250,6,5,195,3
108,1244,6,5,142,4
236,2229,5,6,268,5
166,2498,5,5,146,5
212,1717,5,4,109,5
180,2631,4,4,331,5
150,2172,4,5,190,5
134,1722,5,5,217,5
165,2182,6,5,165,4
128,2152,4,5,204,4
250,1655,4,5,211,6
296,1641,4,5,274,6
181,1776,5,5,147,4
251,1408,4,5,106,4
150,1828,6,5,203,5
266,2488,4,5,156,4
198,2124,5,5,111,5
174,1836,5,4,182,6
136,2365,5,4,178,4
172,2634,6,5,267,5
325,1806,4,4,201,4
272,1657,5,5,165,5
222,1682,5,5,132,5
115,1877,5,5,213,5
196,2921,5,5,249,5
165,1497,4,4,139,4
198,1809,6,5,148,5
94,1736,5,5,194,4
254,2185,6,5,186,5
142,2436,4,5,354,4
99,2525,5,5,149,4
298,2238,5,5,175,6
189,1196,4,5,184,4
148,2683,6,5,275,4
159,1731,5,5,111,3
267,1315,5,5,101,5
227,2643,5,4,106,5
167,2564,4,5,245,5
194,1738,7,5,363,6
182,2109,6,6,226,4
170,1290,4,4,184,5
251,1824,4,5,107,5
141,1758,5,5,158,5
436,2719,5,4,78,4
176,2262,5,5,125,6
177,1814,5,5,110,5
129,2207,5,5,268,5
310,1776,6,5,274,5
97,1514,6,5,289,5
179,1886,4,5,368,5
116,1604,4,5,168,5
133,1958,4,5,326,5
139,1561,5,5,214,5
230,1756,6,5,128,4
138,1991,5,5,253,6
154,1650,5,6,220,5
371,1761,4,5,235,5
259,1783,6,4,163,4
245,1994,6,5,150,5
88,2602,4,5,102,5
238,2070,5,5,252,5
86,1919,5,5,168,5
221,1981,4,4,271,5
253,2253,5,5,167,4
348,2416,5,5,170,4
295,2293,4,5,95,5
103,1894,5,5,135,4
287,1857,4,5,267,5
171,2003,4,6,213,6
196,1852,5,4,359,4
164,2831,4,4,164,4
289,3116,5,5,141,6
192,2368,5,4,274,5
360,1955,5,5,142,5
172,1611,5,5,175,5
333,2731,5,5,160,4
204,1997,4,4,224,5
246,2279,4,5,120,5
107,890,6,5,163,5
179,2296,5,5,178,6
171,1765,5,5,211,5
200,1543,5,5,100,6
187,1675,8,5,233,5
141,2166,5,5,122,6
493,1946,5,5,305,5
109,2179,5,6,156,5
292,1903,5,5,214,5
269,2258,3,5,171,4
293,2887,4,4,204,4
214,2139,5,4,198,4
116,1773,4,5,159,5
161,2072,4,5,160,5
220,2876,6,5,404,5
94,1304,6,5,249,5
200,2626,6,4,163,6
257,1975,5,5,300,6
133,2496,5,6,351,7
148,1508,5,5,198,4
166,1884,4,5,392,4
234,1973,5,5,203,5
249,1960,4,5,144,4
223,1346,4,5,353,5
206,2473,5,5,291,4
371,1979,4,5,126,5
147,2343,5,5,216,4
134,2109,6,5,90,4
342,2471,4,5,202,4
346,1443,6,5,87,4
207,1699,5,6,103,4
176,1736,6,5,298,5
230,1948,4,4,86,6
219,2173,5,5,246,6
187,2054,5,5,84,5
213,3057,5,6,186,5
374,1983,5,6,139,4
171,1681,7,4,187,5
229,1481,5,5,117,4
222,1830,6,5,152,4
138,1963,5,5,333,5
221,1932,5,5,189,5
154,2489,5,5,285,4
123,1825,5,5,207,5
114,1888,6,5,219,5
231,3660,4,5,235,6
229,2723,6,5,315,5
177,1230,4,5,144,5
233,2792,5,5,132,5
158,1624,5,5,252,5
372,1416,4,5,103,5
131,2290,5,5,198,5
247,2505,5,5,309,5
230,2346,5,5,105,5
120,1512,4,4,168,5
148,2347,5,5,330,5
190,3383,6,5,266,5
186,1817,5,5,291,6
75,1594,4,5,299,5
201,2463,4,5,87,6
297,1843,6,5,210,4
168,2604,6,5,108,5
94,2334,6,5,447,6
223,2080,4,4,98,5
178,2235,6,5,287,4
198,2069,4,5,129,5
132,1798,5,5,175,5
122,1636,5,5,472,4
323,2216,5,5,152,4
173,2059,5,5,191,4
149,1632,5,5,103,6
373,1997,6,5,143,4
272,2201,5,5,220,5
284,2137,4,4,135,5
213,1808,4,5,106,5
272,2598,5,5,215,5
143,2162,4,4,165,5
110,1215,4,5,122,5
190,3098,4,5,183,4
453,2155,5,4,426,4
206,2323,5,5,193,5
382,2957,4,5,285,5
259,1485,6,5,87,4
98,2081,7,6,159,5
172,1471,5,4,152,4
281,1197,4,5,183,4
182,1914,4,5,241,7
183,2378,5,5,204,6
103,1440,5,5,272,5
150,2134,5,5,288,4
269,2069,5,5,250,4
201,1662,5,5,195,4
289,1593,5,6,187,6
169,2351,5,6,425,5
273,2567,4,5,438,4
157,1601,6,5,160,5
206,2444,5,6,176,4
255,4092,6,4,240,5
130,1263,6,5,147,4
98,1713,4,4,201,5
391,2108,5,5,284,4
387,2034,5,4,378,7
105,1258,6,5,162,4
149,2433,5,4,139,5
161,1134,5,5,122,5
132,2556,6,4,242,5
113,1678,4,5,250,5
377,2621,5,5,212,4
272,1769,6,5,370,5
162,3154,5,5,89,5
262,2193,4,4,329,5
230,1964,4,4,276,6
112,1921,4,5,189,5
118,2189,4,4,184,4
174,2427,5,4,301,5
299,2261,4,5,286,5
172,2016,5,4,208,4
184,2084,5,4,337,5
134,1465,5,5,174,4
150,1643,6,6,130,4
211,1772,5,5,152,4
124,1397,4,5,87,4
235,1900,4,5,132,6
166,1508,5,4,159,5
194,2296,5,5,242,5
281,1473,6,4,115,5
138,1552,4,5,162,4
227,2535,5,4,295,5
183,1737,5,5,186,5
162,2779,5,5,154,5
105,2012,5,5,188,5
328,1513,4,5,111,5
172,1478,6,5,131,6
172,2290,4,4,200,5
172,1852,4,5,253,4
281,1976,5,5,245,5
161,1566,5,5,131,4
139,1905,5,5,292,6
473,2172,4,5,192,4
353,2462,5,5,185,4
209,1979,5,5,130,6
199,1991,6,5,287,5
138,1814,5,5,227,5
109,1037,6,4,160,4
156,2559,6,5,117,5
218,2472,4,5,211,5
181,2088,5,5,213,5
208,1728,4,5,164,5
227,1977,5,6,353,4
229,1788,5,5,125,4
185,2138,5,5,177,5
84,1918,5,5,195,5
162,1857,4,5,150,6
251,2380,6,5,198,4
179,2030,5,6,141,4
238,2729,4,5,244,4
125,1468,5,5,210,5
247,2215,5,5,222,5
167,2783,5,5,255,4
242,1812,6,5,236,5
169,2433,6,5,124,6
139,1654,5,5,153,4
223,3030,6,5,152,5
165,2430,4,5,182,5
151,1935,5,5,173,5
177,2443,5,5,291,5
279,2693,6,5,128,6
139,2324,5,5,246,5
131,1770,5,5,222,5
210,2252,5,5,317,5
200,1598,5,5,216,4
152,2969,5,5,344,6
176,1825,4,5,427,4
139,1938,4,5,283,5
258,1777,4,5,189,4
448,2359,4,5,183,5
216,1671,5,4,74,5
252,1865,5,5,130,4
135,2678,5,4,181,5
150,2904,5,4,268,4
156,1937,4,5,107,4
406,1439,6,5,137,5
275,1817,5,6,269,5
270,1390,6,5,232,4
179,2328,4,5,413,4
102,1774,5,5,204,4
189,2407,4,5,236,5
169,1707,5,5,179,4
328,1840,5,5,178,5
156,2115,5,5,258,5
140,1984,5,5,160,5
166,2106,6,6,122,4
213,1983,6,5,284,6
77,1624,4,5,331,7
250,954,4,5,183,4
228,3216,5,4,455,4
189,1884,4,4,182,6
162,1959,4,5,272,4
243,1916,5,5,164,6
114,1376,6,6,247,5
294,1552,5,5,235,5
217,3129,5,5,151,6
134,2686,4,4,191,5
168,2615,4,5,196,4
116,1841,5,5,210,4
197,2677,4,4,181,5
490,2963,5,5,185,4
160,2062,5,5,114,5
89,1809,5,5,127,5
145,1714,6,5,206,5
236,2587,4,5,255,5
160,1214,5,4,147,4
209,2138,4,5,186,5
199,2011,4,5,210,4
113,1067,5,6,131,6
254,2090,4,4,303,7
115,2001,4,4,167,4
192,1728,6,5,78,6
109,2460,5,5,203,6
293,2258,4,5,133,4
167,1601,6,5,136,6
120,2185,6,4,247,5
270,2227,5,5,252,5
194,2159,5,6,199,4
222,2065,5,5,203,5
141,1281,5,4,136,4
345,2065,5,5,237,3
230,2415,6,5,325,5
152,1973,5,5,188,4
357,1842,5,5,168,5
158,1983,6,5,236,4
284,2368,5,5,168,5
325,2102,4,5,580,5
126,1873,6,4,236,5
318,2088,4,5,209,5
187,1771,5,5,183,4
181,1958,5,5,145,4
331,2958,6,5,333,5
193,2371,5,5,221,5
134,1255,5,5,121,5
195,1782,6,5,74,5
212,2988,5,5,180,4
227,2114,6,5,325,5
275,2898,6,4,244,5
110,1435,5,5,96,5
132,1760,6,4,227,5
152,1531,4,5,292,6
189,1592,6,5,380,4
178,1908,6,5,191,5
193,2226,5,4,352,5
302,1420,5,5,126,5
241,1355,4,4,182,6
338,1464,5,5,55,5
471,2565,5,5,386,5
253,1471,4,6,227,4
257,1723,5,5,203,5
159,2448,5,5,269,5
121,1705,4,5,218,5
264,1650,4,5,189,4
97,1540,5,5,138,5
172,1489,5,5,131,5
127,3135,5,5,232,4
194,2300,5,5,183,5
290,2026,5,5,323,4
192,2707,5,5,208,4
325,3106,5,5,223,5
140,1915,6,5,159,4
135,2089,5,5,171,5
77,1878,5,5,168,4
131,2613,5,5,351,4
122,1429,5,6,181,5
304,2387,6,5,149,6
94,2432,5,5,295,4
349,2252,5,5,329,5
167,1892,5,5,235,5
288,1926,5,5,316,6
215,2140,4,4,310,5
273,1901,4,5,276,4
222,1894,5,4,242,4
226,2389,5,6,232,4
185,1405,5,5,100,5
130,1774,4,5,136,4
205,2536,4,5,320,5
147,2235,5,5,187,6
133,1571,6,5,277,5
214,2845,5,5,296,4
206,1264,6,5,203,5
125,2873,5,5,359,4
370,2131,5,6,176,5
196,1793,5,4,301,4
123,1579,4,5,103,5
183,2404,4,5,192,5
193,1702,5,5,162,4
163,1248,6,5,115,5
118,1958,5,5,163,6
208,1864,4,5,127,5
220,1589,4,4,134,5
321,1866,4,5,182,5
183,2548,4,5,202,5
241,2137,4,5,266,4
270,1016,4,5,479,6
184,1575,5,4,185,3
178,2292,7,5,143,5
179,1621,5,5,139,5
101,2020,5,5,178,5
270,2012,5,5,118,3
172,1242,6,5,357,6
201,2435,5,5,192,4
204,1585,5,4,268,4
125,1667,6,5,126,6
322,2320,5,5,123,4
183,2195,5,5,364,4
207,1949,4,5,148,5
245,1507,5,6,224,5
91,1011,5,5,205,5
131,2016,4,4,146,4
224,2903,4,5,368,5
307,1705,5,5,211,5
337,1626,4,4,144,4
275,1982,4,5,169,5
281,1953,6,5,210,4
100,1758,4,4,177,5
164,2362,5,5,207,4
221,2762,5,5,352,6
99,1815,4,4,413,5
170,2157,4,5,208,6
224,3124,5,5,301,5
220,1692,4,5,111,5
153,2271,6,4,273,5
249,2405,5,5,234,5
141,1927,4,5,246,4
186,1904,4,4,183,4
147,2390,4,5,188,5
142,2697,5,5,160,5
68,1373,4,5,153,4
224,1275,5,5,157,3
134,1413,5,6,142,5
151,2277,5,5,99,4
263,2192,4,5,272,5
313,2426,5,5,170,5
313,1467,4,5,45,5
197,2278,6,5,145,4
121,2440,5,5,161,5
182,2315,6,5,305,5
226,1761,4,6,141,5
458,1847,4,5,108,5
262,1920,6,5,207,5
133,1595,4,5,147,4
190,2496,5,5,222,5
179,1384,5,5,238,4
440,1953,6,5,316,4
287,1608,6,4,343,4
110,1679,5,6,198,5
213,1184,5,5,172,4
92,1610,4,4,167,5
261,2350,5,5,383,4
247,1875,4,5,395,5
252,2878,4,5,299,5
140,2155,5,5,182,4
321,2426,4,5,288,5
317,2556,6,5,280,5
194,2543,4,4,390,5
273,1735,4,5,289,5
136,1662,5,5,164,4
208,1377,5,5,173,4
213,2763,5,5,214,5
148,2064,5,4,268,3
188,1937,4,5,158,4
118,1829,4,5,177,5
154,2097,5,5,159,6
469,3120,5,5,85,5
244,1801,4,5,176,4
126,1643,5,5,83,5
118,1948,4,5,154,4
196,2083,6,4,185,5
540,2942,6,4,252,5
192,1960,5,5,134,6
398,2154,5,5,54,5
239,2089,4,6,295,5
332,2706,5,5,171,5
366,3112,6,5,342,5
168,2547,5,5,199,5
214,1371,5,5,395,5
135,1834,5,5,279,5
450,2694,5,6,190,5
234,2085,5,5,343,4
205,2467,5,5,278,6
228,2233,4,5,142,4
315,1269,5,5,276,5
303,2009,5,5,258,5
101,2198,5,5,164,4
210,1794,5,5,84,5
372,2083,5,5,157,4
102,2531,5,5,316,5
293,1754,5,5,214,5
138,2320,6,5,168,4
177,1327,5,5,209,6
276,2304,5,5,153,6
97,3257,5,5,135,5
230,2098,6,5,139,4
87,1783,6,5,164,5
128,1612,5,5,159,5
312,2093,5,5,214,5
184,2017,4,4,97,5
189,2116,6,5,236,4
99,1774,5,5,117,5
109,2434,3,5,140,5
211,1980,5,5,151,4
129,2226,5,4,111,5
109,1945,6,5,119,5
180,2341,5,5,282,6
247,2099,4,5,170,5
396,2371,5,5,159,5
448,2012,4,5,183,5
177,2306,5,5,114,6
233,1896,6,5,195,4
197,2644,5,5,204,5
241,1644,5,5,154,4
80,1479,5,6,175,6
265,2507,4,5,193,5
219,1694,5,5,211,5
202,3288,4,4,314,4
109,1916,4,6,161,4
270,2243,4,5,285,4
220,1600,5,6,370,4
306,3391,5,5,267,5
215,2044,5,5,268,6
144,2818,3,5,234,6
100,2290,4,4,296,5
146,2029,4,5,163,5
178,2186,4,5,245,5
214,1860,5,5,191,5
101,1853,4,4,157,5
142,2312,4,5,262,5
308,1820,5,5,179,5
151,1819,5,5,349,6
186,1799,5,5,213,5
245,2597,6,5,164,4
162,1876,4,5,191,5
104,1549,6,5,89,5
182,2451,4,5,130,5
137,1735,5,4,161,6
338,1295,5,5,139,4
145,1745,5,5,149,5
319,2171,4,5,314,5
178,1916,6,4,189,4
192,2229,5,4,157,5
210,1799,4,5,454,4
88,1867,5,5,137,5
225,3028,5,5,161,5
295,1864,7,5,251,5
107,2041,7,5,313,5
391,2218,4,5,206,5
231,1641,3,5,76,6
166,1620,4,5,217,4
167,2032,6,6,171,6
202,2558,4,6,73,5
417,1554,5,6,244,6
191,1588,5,4,247,5
294,2404,5,5,251,5
211,3197,5,4,142,4
171,1773,5,5,114,6
188,1605,5,5,222,5
170,2054,5,5,249,5
212,2797,6,5,241,4
195,2516,5,5,219,5
106,1943,6,4,189,4
166,2024,5,6,202,5
158,2229,5,4,193,6
236,1895,6,5,171,4
116,1768,4,5,138,4
91,3060,3,5,119,5
233,2932,5,4,267,6
168,3813,4,5,493,4
331,1809,6,4,130,4
177,1495,4,5,233,6
144,2281,5,5,120,5
83,2405,4,6,157,5
141,2223,5,5,191,4
254,2661,4,5,177,4
166,1304,5,5,215,5
206,2448,7,6,154,5
96,1471,5,5,184,5
169,1608,4,5,132,5
110,1718,6,4,100,5
192,1806,6,5,185,4
236,1690,6,5,198,5
75,1443,5,5,106,5
230,2063,5,5,261,6
378,2189,4,4,199,5
171,1789,5,5,209,5
256,2374,5,5,251,5
296,1524,5,5,199,4
208,1297,4,5,196,4
167,1871,4,4,89,5
370,2315,5,5,105,5
305,1972,6,4,275,5
109,2052,5,5,348,5
618,2049,5,6,400,6
185,3593,4,5,194,4
216,2020,4,4,209,4
244,2581,6,5,118,4
153,1921,5,5,275,6
225,2184,5,5,226,4
701,2400,4,5,230,5
117,2349,5,6,209,6
177,2166,5,5,176,6
200,2646,5,6,266,4
155,2490,4,4,219,4
204,1683,4,5,211,5
315,1546,5,5,147,5
170,1777,6,5,110,5
225,1528,4,5,157,4
281,1518,5,5,209,4
246,2058,5,5,368,7
154,2790,4,5,213,4
173,1704,4,5,187,5
160,2610,4,6,104,4
135,2852,4,5,269,6
267,2164,5,5,143,5
319,2573,5,5,382,5
164,1869,4,4,89,5
76,1616,5,5,239,4
172,1646,4,5,193,5
190,2611,6,5,243,5
205,2061,6,5,398,5
67,2177,6,5,207,4
174,2158,5,6,131,5
222,1452,5,5,129,4
99,1505,5,6,174,5
127,2432,4,5,270,4
130,1623,5,5,209,4
152,1725,4,5,124,5
327,2540,5,5,203,4
250,2097,4,5,178,5
167,2518,6,5,324,5
92,1790,4,6,169,4
225,1863,6,5,287,4
306,2070,5,6,147,5
312,1112,4,5,269,4
176,1848,5,5,178,4
301,1912,4,5,281,4
205,1719,6,5,372,4
206,1569,5,5,77,6
170,1508,4,5,172,6
192,2238,5,5,158,4
205,2188,4,5,106,4
211,1823,3,5,154,4
142,1594,5,6,141,5
100,1867,5,6,169,4
138,1727,4,5,148,4
272,2701,5,5,338,4
147,1893,4,5,266,6
169,2540,5,5,218,4
170,1923,5,5,228,5
127,3043,4,6,362,5
333,2079,4,5,211,5
127,1091,4,5,217,5
267,3160,5,5,135,4
168,1166,6,5,88,4
390,1919,4,6,179,5
230,2592,4,4,161,3
187,2071,4,5,218,5
91,2570,5,4,269,4
168,2211,5,5,181,5
217,3132,5,5,234,6
185,2845,5,5,255,5
133,1811,5,5,101,4
89,1583,5,5,312,4
85,1501,5,5,158,4
246,2477,5,5,91,4
158,1787,5,5,149,6
129,2579,4,5,168,4
182,1736,5,5,215,5
102,2101,6,4,282,4
108,1354,4,5,308,6
199,1652,6,5,242,4
177,1837,4,5,119,5
214,1256,4,5,125,4
204,2199,5,5,177,4
107,2932,4,4,93,5
253,2375,5,5,210,5
250,1985,6,5,238,4
164,2100,4,5,296,4
435,1488,4,5,172,5
182,1964,4,4,313,4
277,3217,6,4,222,4
192,1343,6,5,93,5
170,1988,5,5,247,5
248,1927,4,4,272,4
151,2029,6,5,171,5
280,2154,4,5,121,5
433,1931,4,4,237,5
215,2013,4,5,196,5
181,2338,5,5,270,5
172,2122,5,5,295,5
182,2552,6,5,365,5
270,3829,5,5,113,5
281,1605,6,5,222,5
307,2773,5,4,85,4
169,2053,5,5,184,6
184,2055,5,5,152,5
113,2115,6,5,204,5
275,2514,4,5,193,5
240,2464,4,5,329,5
145,1758,4,4,138,6
234,2437,4,4,217,4
187,1956,5,5,181,5
168,2704,4,4,232,6
276,2215,6,5,154,4
149,2523,5,5,203,5
279,1634,6,5,151,5
184,2156,5,5,103,5
131,1405,5,5,139,5
167,2091,4,5,408,5
240,1383,5,5,134,6
307,2171,5,5,109,4
245,4287,4,5,240,5
198,1870,6,5,187,5
248,2433,4,4,501,4
120,1810,5,5,222,5
300,2308,5,5,218,5
213,2383,5,5,206,5
138,2198,5,5,136,5
180,1441,6,5,174,5
114,2248,4,5,103,5
160,1878,5,5,108,5
183,2386,5,5,137,3
173,2944,5,5,272,5
157,2071,4,5,222,6
202,1860,6,5,118,5
174,1949,5,4,133,6
188,2986,4,6,411,5
139,1845,5,6,308,5
263,1476,5,5,161,5
110,2198,5,5,245,4
229,1546,4,5,233,6
432,2705,5,4,175,5
207,2585,6,5,180,4
234,2411,5,5,151,4
124,1908,5,6,171,5
185,2268,5,4,246,4
168,2660,5,5,402,4
160,3078,5,5,278,3
346,903,4,4,116,4
151,1551,6,5,159,5
234,1791,4,5,106,4
93,1732,5,5,293,5
91,1927,4,5,176,5
95,1472,5,5,165,5
249,1843,5,5,206,5
150,2698,4,4,305,4
402,1782,5,5,131,5
182,1942,4,5,138,4
161,2104,5,5,175,4
217,1556,5,5,167,4
179,1887,5,4,104,5
159,1678,4,5,153,4
326,2628,4,4,305,4
143,2269,4,5,209,5
177,2111,5,5,128,5
303,1760,5,5,102,5
179,1942,4,5,249,4
200,1621,4,5,170,5
161,2295,5,5,154,5
117,1512,4,5,126,4
118,2092,5,5,185,4
162,2411,5,5,128,5
109,2269,4,5,126,5
125,2890,5,5,129,5
173,3366,4,5,183,5
187,1563,5,5,115,4
114,3018,4,5,414,5
150,2453,4,5,218,5
197,1530,5,5,125,5
350,2068,5,5,152,5
108,3139,5,5,157,5
121,2614,4,4,172,4
337,1914,6,5,182,5
164,2141,4,5,235,5
132,1826,5,4,100,4
244,1821,5,5,139,3
95,1826,4,6,177,4
111,1535,4,6,267,5
106,2612,5,4,166,5
385,2542,6,5,333,4
196,1388,5,6,113,4
76,2107,4,5,345,3
341,2160,5,5,192,5
263,4013,5,5,209,5
98,1549,5,5,138,5
300,1601,5,5,235,4
280,1034,5,4,230,5
161,2006,5,5,371,4
127,1968,4,5,136,4
213,1396,5,5,170,5
214,3575,6,5,209,4
127,2203,4,5,180,4
180,1456,4,4,259,5
158,1717,5,5,141,5
146,1974,5,5,220,5
268,1543,4,5,202,5
151,2276,4,4,339,5
203,1381,6,5,167,6
133,1671,4,5,228,5
235,1897,4,5,160,5
102,2222,6,4,207,5
147,1574,5,4,140,4
191,2735,5,5,131,4
165,1589,4,5,211,4
169,1904,4,4,318,4
132,2254,4,6,152,6
220,1537,6,5,86,6
150,1757,5,5,136,4
285,2355,5,5,113,4
354,3099,5,5,162,5
222,2460,3,5,95,5
298,1787,5,5,307,4
200,2710,6,5,119,6
196,2514,3,5,206,4
223,1526,5,5,233,4
220,2227,4,5,234,4
231,1942,5,5,238,6
98,2333,5,5,378,5
223,976,5,6,162,5
255,2794,5,5,50,5
147,2624,5,5,146,4
243,2994,4,4,111,3
114,2084,5,5,173,5
111,1906,5,5,158,5
168,1722,5,4,188,4
346,2248,5,5,119,4
175,2269,5,5,149,4
116,1504,5,5,200,5
122,1324,5,6,140,4
171,1978,5,5,132,4
227,1951,4,4,217,5
217,2416,5,5,149,5
109,1661,5,5,207,6
144,2355,5,5,278,5
213,1302,5,5,312,5
180,1802,5,5,182,5
423,2143,5,5,136,4
147,1931,4,5,241,5
215,2298,4,4,276,4
264,2307,5,6,177,5
307,2907,5,5,304,5
232,1870,6,6,314,7
138,1701,5,5,229,4
192,1374,5,5,261,3
325,1805,4,6,81,3
117,1740,5,5,291,6
112,2212,4,5,217,4
146,1736,5,5,225,5
110,1829,4,4,176,4
297,1716,4,5,141,4
444,2031,4,5,144,5
306,3083,5,5,148,4
325,2549,5,4,372,5
437,3607,5,5,228,4
119,2197,5,6,149,5
186,2235,5,5,178,4
155,1615,6,5,328,5
93,2586,5,5,257,6
162,1745,4,5,168,5
195,1645,5,5,113,5
274,2146,5,5,188,5
208,2683,4,5,397,5
154,2373,4,5,170,5
243,2775,4,5,232,5
239,1801,4,5,244,5
292,2749,5,5,139,5
106,1960,5,5,94,5
250,2186,5,5,136,5
146,1563,4,5,121,5
136,2059,6,5,332,5
220,2144,4,4,222,5
269,1931,6,5,287,4
414,2480,5,5,332,4
257,2301,6,5,209,5
288,1491,5,4,125,5
119,1690,4,4,217,4
191,2423,5,5,267,4
198,1416,4,5,157,4
128,1378,5,5,82,4
336,2022,5,6,281,5
90,1559,3,5,145,5
291,1833,5,4,235,4
396,1992,5,5,113,5
215,2873,5,5,337,5
226,2236,4,5,312,4
218,1870,7,4,159,4
237,1747,5,5,95,6
331,1696,6,5,240,5
187,2222,5,4,117,4
165,1463,5,5,205,6
283,1935,5,5,176,6
91,2210,4,5,346,5
92,1469,4,4,187,4
347,3444,4,5,115,7
285,1901,4,4,168,4
184,2472,4,5,111,5
386,1802,4,5,216,4
102,1803,4,4,178,5
76,1697,6,5,125,5
116,1716,5,5,268,5
230,2171,6,6,429,4
198,1477,4,5,91,3
154,1647,5,5,164,5
146,2692,6,5,135,5
139,1780,6,6,151,4
312,1769,5,5,296,6
373,2117,6,5,156,6
91,1762,4,5,212,5
198,2866,4,5,224,6
168,1851,5,5,106,4
77,1845,5,5,196,5
554,1903,5,5,184,4
139,2256,6,5,195,4
382,2549,5,4,321,4
169,2400,6,4,105,3
187,1755,4,5,130,5
164,1743,5,5,156,5
421,2843,4,5,201,4
260,2746,5,4,306,6
211,2335,5,5,199,5
164,2105,6,4,146,4
306,2153,5,5,125,5
371,3085,5,5,123,5
177,3142,4,6,229,5
130,2048,5,4,313,5
241,1699,4,5,234,5
183,2322,5,5,211,5
183,2161,4,5,385,5
149,1783,5,5,160,5
201,2286,5,5,197,5
169,3217,5,6,174,5
104,2468,5,5,218,4
361,1785,5,6,165,5
152,2774,4,5,189,4
213,2193,4,4,238,4
418,1805,6,5,190,5
291,1732,4,5,160,4
211,1850,5,5,245,6
165,1625,5,6,117,5
202,1763,4,5,166,4
254,1463,5,5,176,5
70,2184,4,5,196,5
262,1446,5,5,183,5
204,2542,6,5,193,6
188,2400,5,5,295,6
93,1534,4,6,562,5
253,1604,5,4,164,5
158,2687,5,5,195,5
330,2474,5,5,213,5
174,2174,5,5,139,5
133,1906,5,5,195,6
102,1502,5,4,122,5
143,1553,6,5,135,5
243,1539,5,5,199,5
322,1614,5,4,177,5
172,1355,5,5,206,5
297,1756,4,5,232,5
133,2109,5,4,149,5
157,2602,6,5,362,4
136,1525,4,5,109,4
265,2044,4,5,217,5
203,1679,7,5,123,5
218,1576,3,4,162,5
183,2180,5,5,335,5
179,2482,4,5,185,5
111,1999,5,5,109,5
222,2289,5,5,376,5
125,1653,5,6,173,5
148,1388,6,6,303,5
245,1987,5,4,322,4
95,2353,5,5,231,6
119,2370,4,5,143,6
150,1616,5,5,273,5
303,1986,4,5,144,4
165,2091,5,5,150,5
177,2328,6,5,112,6
123,2505,5,5,139,4
232,2321,5,4,181,4
282,2250,5,6,298,5
133,2552,4,5,167,4
144,1430,5,4,168,4
139,2099,5,5,148,5
125,1470,5,5,194,4
196,1470,4,5,286,6
100,1967,5,5,141,4
260,2103,5,5,221,4
165,1829,5,5,251,4
230,2327,5,5,119,4
187,2065,4,5,219,4
268,1400,5,5,205,5
267,3022,5,4,394,4
184,1843,5,5,124,5
138,1761,5,5,233,6
247,1610,5,5,159,4
231,2093,5,4,320,5
207,1861,5,5,183,5
148,1472,4,5,226,4
103,2276,5,5,312,5
255,2305,4,5,188,6
305,1778,4,5,164,5
103,2571,5,5,175,5
228,1304,5,5,103,3
209,2415,6,5,124,5
185,2291,4,5,214,5
223,2206,5,5,168,4
213,2358,5,4,154,5
287,2365,4,5,135,6
203,1534,5,5,306,5
273,2547,5,4,155,4
211,1885,6,4,150,6
187,2344,4,5,163,4
169,2090,5,6,200,6
80,2457,7,5,123,4
191,2190,4,5,205,5
150,1719,5,6,237,6
514,3216,4,5,159,4
344,1173,5,5,107,5
230,1373,6,5,260,5
192,1660,5,6,133,5
180,2281,4,5,172,5
182,1818,4,5,171,4
112,3760,5,4,145,5
132,2306,6,5,189,4
158,1924,5,5,256,5
148,2715,5,5,139,4
178,1756,5,5,182,5
159,2076,4,4,185,4
287,1170,4,4,197,4
119,1669,6,5,92,5
173,1559,5,5,85,5
180,2179,5,5,280,5
100,1639,6,5,97,4
118,1261,5,5,118,4
194,2918,5,6,297,5
60,1477,6,5,170,6
216,1782,5,5,222,4
386,1309,5,5,279,5
236,2061,6,4,123,5
120,1850,6,5,169,4
156,1360,5,5,143,5
176,1598,5,4,138,4
150,2388,5,5,154,4
270,1645,6,4,204,4
212,2008,4,5,352,4
271,1467,5,5,392,4
328,1983,7,5,153,4
217,1542,4,5,126,5
219,2389,5,5,108,5
241,2031,5,4,118,5
391,1946,6,5,138,4
107,1951,5,5,332,5
259,2578,5,6,137,5
170,1921,5,5,137,6
209,1944,5,6,208,5
189,1178,4,5,131,6
137,2262,6,6,314,4
247,1404,5,5,240,4
264,2655,4,5,195,6
165,1515,5,5,101,5
138,1650,5,5,124,6
230,2060,4,4,354,5
116,1739,5,5,359,5
146,2342,4,5,200,5
170,1219,5,4,129,5
264,2797,5,4,298,5
128,1673,5,5,353,4
247,2273,5,5,87,4
335,2742,5,4,260,4
142,1847,4,4,209,4
229,3179,5,5,368,5
149,1773,5,5,120,6
264,2456,6,4,275,5
229,2044,5,5,207,5
150,1800,6,5,160,5
171,1672,4,4,222,5
188,1915,4,5,74,5
147,1342,5,5,78,5
209,1726,5,5,292,4
317,2137,5,5,184,5
208,2413,5,4,217,6
90,2197,4,5,167,5
436,1570,5,6,164,4
441,2690,4,4,84,5
216,1706,5,5,411,6
199,1268,5,5,73,5
208,1757,5,5,204,5
135,2606,5,5,223,4
151,2209,5,5,183,6
158,2204,6,5,199,4
294,2198,6,5,167,5
176,1032,4,5,169,5
226,2007,6,5,109,5
128,2590,4,5,133,5
90,2256,6,5,143,5
162,2313,5,5,166,5
242,1242,5,5,213,5
165,2321,6,6,153,5
292,1921,5,5,299,5
289,3045,5,5,311,4
202,2791,6,5,131,4
345,2396,6,6,151,5
155,1772,5,4,455,4
364,1986,6,5,244,4
235,2514,5,5,172,5
107,2508,5,5,291,4
176,2755,5,5,200,5
107,1973,5,5,539,4
220,2776,5,5,483,5
232,2194,5,5,198,5
93,2016,4,5,226,4
148,1984,4,6,180,4
269,1579,5,5,148,5
227,1180,4,5,219,6
230,2529,7,5,217,5
80,1797,4,5,179,5
210,2537,5,5,75,4
186,2261,5,5,145,5
163,1773,5,6,133,6
221,1535,4,5,235,5
185,2022,5,5,222,4
178,1817,6,5,195,6
274,1966,4,6,183,4
187,1705,5,5,201,5
92,1707,5,5,151,5
158,1731,4,6,204,4
263,1831,5,5,85,4
140,1832,5,6,128,5
166,2621,6,5,250,4
131,1535,5,5,123,5
194,1093,6,5,143,5
181,3076,5,4,140,4
229,2347,6,4,241,5
89,1920,5,5,211,4
333,1722,6,6,200,6
127,2808,4,5,188,5
130,2097,4,5,151,4
163,2540,4,5,290,4
167,2153,5,5,182,6
191,2536,5,5,303,5
173,2360,5,5,298,5
194,2609,5,5,532,5
357,1952,4,5,190,5
252,1781,5,5,323,6
300,3189,5,5,660,5
158,2362,4,5,131,5
141,2675,4,6,153,5
226,1807,4,6,202,5
148,1485,5,5,184,6
96,2666,6,5,115,5
222,1798,4,5,151,5
210,1996,6,5,360,5
374,2306,4,5,305,5
145,2306,5,5,272,5
210,1700,4,4,169,5
211,1321,6,5,142,4
261,1742,6,4,159,4
283,1701,5,5,158,6
180,1282,5,5,270,5
132,1343,5,5,252,4
217,1873,5,5,90,6
188,2140,4,5,163,5
169,1458,5,4,164,4
155,3145,5,5,237,4
193,3269,6,5,153,6
201,1436,6,5,101,5
133,1854,5,5,238,6
125,1821,4,6,144,5
225,2531,5,4,131,4
201,2239,5,5,267,6
163,2472,5,5,100,4
164,1687,5,5,197,6
191,3359,6,5,249,5
231,2667,5,6,147,5
186,2443,4,5,412,5
139,2900,5,5,339,4
214,2574,4,5,216,4
249,2332,5,5,143,4
284,3745,4,4,265,3
128,2177,4,5,261,5
259,2340,4,5,194,4
241,2549,4,6,266,4
204,1530,4,5,589,5
212,1930,5,6,285,5
159,1867,5,4,171,5
119,2167,5,5,158,5
157,2349,4,5,165,5
80,1409,4,5,166,5
255,2490,4,5,165,5
361,2859,5,5,182,5
311,2158,6,5,70,7
124,1105,5,5,253,5
360,2704,4,6,357,6
131,1845,5,5,195,5
166,1626,5,5,294,4
134,1729,5,5,243,5
123,1754,4,5,121,4
134,1427,5,5,185,6
86,2670,4,5,177,5
138,2257,5,6,223,5
115,1750,6,4,209,4
122,1361,5,5,171,5
241,2549,5,5,124,4
131,2688,5,5,166,5
218,2674,5,5,164,5
240,1834,5,6,182,4
313,1958,4,4,238,4
197,2328,5,5,135,5
181,2212,5,4,223,4
125,1940,4,5,210,4
192,2490,5,5,140,6
230,1900,5,5,149,5
103,2027,3,5,289,5
159,1379,5,5,166,7
329,2664,4,5,270,5
179,2380,4,4,146,5
319,2071,6,5,372,3
230,1689,6,5,238,5
218,1535,5,5,125,5
115,1494,6,5,152,5
201,2483,4,4,341,5
165,2991,4,5,358,5
214,2203,5,5,135,4
216,1762,5,5,233,5
259,2163,4,5,153,5
172,1414,6,5,128,5
176,1556,5,4,239,5
192,2889,5,4,150,5
125,2140,6,5,194,6
247,1593,7,5,397,5
195,1398,4,5,158,4
294,2570,4,5,216,4
149,1772,5,4,157,5
196,2836,4,5,180,6
182,1854,4,5,206,5
225,1493,4,5,144,5
158,2325,5,4,244,6
226,2237,5,5,116,5
277,2504,6,5,175,5
216,3079,5,4,217,6
124,1486,4,4,140,4
383,2534,5,5,101,3
174,1713,5,5,170,6
274,1391,4,6,274,5
244,1817,4,5,198,5
169,2981,5,5,205,4
297,1195,5,5,160,5
195,2508,5,6,133,5
197,1740,5,5,109,6
261,2902,5,5,193,5
155,2796,4,5,81,5
229,2174,6,5,173,4
203,2081,4,6,299,6
188,2152,5,4,179,4
135,1371,5,5,268,4
135,1105,5,5,156,5
415,2327,4,4,326,6
208,1617,6,5,237,5
177,1928,5,5,208,5
198,1821,5,4,251,5
184,1570,5,5,110,5
223,1428,4,5,303,5
279,2181,5,5,324,6
233,1487,4,5,176,5
180,2581,4,4,201,4
176,1681,4,4,244,4
196,2633,4,5,154,6
152,1221,4,5,150,6
120,2645,5,5,298,7
172,2346,5,4,156,4
382,1367,5,4,85,7
290,2225,5,5,158,5
214,1985,5,5,170,5
204,2372,5,6,355,5
207,1513,4,5,103,5
153,1544,5,5,98,4
170,2173,4,4,243,5
157,2260,5,4,200,5
152,1739,6,4,201,5
167,1704,5,5,115,5
72,1453,6,4,198,5
211,2082,4,5,200,5
102,1879,4,5,101,5
147,2614,5,4,146,4
246,2188,5,5,204,4
143,2285,7,5,274,6
160,2033,6,6,219,5
223,1777,5,6,309,6
113,1371,5,4,249,4
153,1573,5,4,188,5
354,1475,5,4,290,5
474,2587,4,4,174,5
295,1840,5,4,112,5
244,2713,5,5,151,5
102,1271,4,4,221,4
171,3331,5,5,99,4
146,1450,4,5,167,5
186,2333,4,5,153,5
162,2042,4,4,361,5
160,2652,5,5,256,4
134,1410,5,5,364,5
118,2242,5,4,236,5
183,1828,4,6,214,4
135,1936,5,5,231,5
118,1518,5,6,164,5
157,2666,4,5,230,5
288,3456,5,5,301,4
181,1535,4,5,267,4
141,1315,5,5,296,6
194,2436,6,4,362,5
243,1435,5,5,252,4
77,1833,5,5,199,6
152,1281,5,5,195,6
129,2108,4,5,142,4
140,2306,5,5,383,5
167,1702,5,5,161,4
137,1904,5,5,181,5
210,2428,4,5,176,5
174,1442,4,5,117,5
237,1520,4,5,234,4
259,1991,5,5,320,6
117,1716,4,5,98,6
325,1923,4,5,314,5
202,1603,5,5,213,5
219,1779,5,5,179,5
166,2176,6,5,242,5
255,1997,5,5,210,5
223,2616,6,5,392,6
142,2983,5,5,150,6
311,2426,4,5,272,4
233,989,6,5,226,4
217,1424,4,5,181,5
130,1310,6,5,119,6
284,2183,5,6,198,6
357,1478,6,5,167,4
90,1891,4,5,162,6
150,1954,4,4,296,5
135,2642,6,5,82,4
211,1779,5,5,170,5
89,2373,5,6,258,5
231,2305,6,6,114,5
289,1839,5,5,151,6
198,2432,7,5,143,6
179,1867,4,6,150,4
200,2463,5,5,142,6
204,1637,4,5,178,4
161,1772,4,5,197,4
136,1736,5,5,686,5
121,2061,6,5,482,5
211,2146,3,4,296,4
148,2289,4,5,220,5
89,2132,4,5,205,6
85,1539,5,5,118,5
216,1362,5,5,244,4
231,1695,5,5,193,6
211,2026,4,5,121,5
263,2921,5,5,367,6
166,1527,4,5,117,6
213,2493,4,5,291,4
247,1254,5,5,297,5
100,2304,5,5,217,5
146,1791,5,5,168,6
101,2081,4,5,344,6
219,1663,5,5,174,4
192,1579,5,5,368,5
338,1768,5,5,325,5
394,2960,5,5,125,5
279,2362,3,5,174,3
165,2234,5,6,261,5
141,1758,4,5,145,4
205,1799,6,5,263,5
407,1720,6,5,185,4
206,1521,4,5,219,4
118,2280,5,5,155,5
257,2073,5,5,413,3
148,1289,6,7,192,5
231,2462,4,5,261,5
120,2250,4,5,140,4
257,2026,4,5,329,4
135,1665,5,5,111,4
215,2202,5,5,390,6
218,1948,4,5,170,4
232,3736,4,5,146,5
291,2519,7,5,342,5
133,1132,4,5,402,5
215,1892,4,4,150,4
173,2745,5,5,283,5
149,1386,5,5,171,5
202,1834,5,5,129,5
190,1713,6,5,224,4
155,1692,5,5,161,5
146,2511,3,5,226,6
201,2990,5,5,157,4
222,2048,5,5,361,6
232,2018,6,5,197,5
131,2607,4,5,108,4
289,2122,5,5,183,4
227,2341,5,5,176,6
252,1897,5,6,161,5
196,2229,4,4,498,5
144,1517,5,5,237,4
167,2025,5,6,117,5
136,2149,5,5,259,5
151,3463,5,6,112,5
143,1676,4,5,152,4
185,2962,6,5,196,6
111,2068,6,5,245,4
339,2045,4,5,338,5
272,2602,5,5,205,6
166,2398,6,5,272,5
286,3131,5,5,277,4
82,1249,5,5,178,4
203,2072,5,5,251,5
197,1786,5,4,231,4
293,2001,5,4,181,5
107,2232,5,4,246,5
148,1674,5,5,98,5
70,1948,4,4,144,5
126,2223,4,5,232,5
421,2693,4,5,96,5
86,1863,5,5,326,5
112,1996,4,5,277,6
154,1530,5,5,314,5
196,2348,5,6,181,5
171,2554,4,5,215,5
148,2445,5,5,258,4
341,2245,4,5,271,4
284,2728,5,5,382,4
151,1658,4,6,206,5
173,1325,6,5,312,6
109,1964,5,4,399,6
119,1846,5,5,178,5
214,1537,4,5,112,5
159,1189,5,6,95,4
135,1755,4,5,324,5
201,1302,4,5,68,5
168,1167,5,5,147,5
130,2257,5,5,297,5
90,1730,4,5,154,5
237,2525,5,4,265,4
120,1791,6,5,147,4
305,2326,4,5,140,6
252,1022,5,5,148,5
247,2356,5,5,248,4
256,1909,6,5,286,5
144,2114,5,5,150,4
259,1776,4,5,199,4
242,3445,4,5,251,6
147,2088,6,5,179,6
247,1844,4,5,135,5
145,1999,4,5,227,5
344,2729,5,4,181,4
125,2948,5,5,157,5
126,1660,5,5,141,4
115,2221,4,4,240,4
158,1634,6,4,152,5
151,1888,5,5,89,4
121,1891,6,5,194,5
243,1926,5,5,127,5
186,2572,5,5,174,4
144,1397,5,5,229,5
198,1814,6,5,202,5
182,2199,6,5,154,4
121,2396,4,5,225,5
117,1510,6,4,179,5
203,1443,4,5,124,5
121,2140,6,5,176,5
219,1584,4,5,237,5
289,1684,5,5,258,4
105,1628,5,5,257,4
279,1324,5,5,271,4
180,2432,4,4,149,5
256,2256,4,5,142,4
143,1919,5,5,264,4
185,2744,5,5,208,6
146,1430,5,5,474,4
140,1985,6,5,132,5
212,1243,5,5,95,5
232,1731,5,5,228,4
314,1817,4,4,114,5
157,2045,6,6,118,5
141,1395,6,5,147,4
309,2657,3,5,120,5
320,2396,4,4,223,5
369,2809,6,5,225,5
143,2059,5,4,140,5
250,2113,4,5,123,5
220,1898,5,5,217,4
407,1616,5,6,124,4
213,1520,4,5,190,5
142,1779,5,5,140,5
268,2141,4,6,290,5
357,1418,3,5,112,6
368,2655,5,6,281,5
166,1936,4,5,139,6
140,1028,6,4,235,5
76,2083,4,4,136,5
263,1671,4,5,293,4
147,2009,5,5,329,5
118,2916,4,6,425,5
186,2053,5,5,216,5
143,1354,5,6,98,5
119,1604,5,4,286,5
245,2272,6,5,109,5
222,2346,5,5,159,5
182,2813,5,5,412,5
174,1365,5,5,260,5
197,1867,5,5,216,5
303,2638,5,5,274,4
256,1909,4,5,257,6
136,2235,6,5,143,5
153,1647,5,5,113,4
210,2478,6,5,195,5
418,2460,5,5,174,4
296,1913,4,6,178,4
187,1505,4,5,118,5
165,1739,5,5,144,4
242,2423,4,5,311,5
178,3341,4,5,462,4
152,2115,4,5,197,5
196,2416,4,5,251,5
403,2881,5,5,152,5
117,2175,5,4,171,4
207,1315,6,5,114,4
253,3046,4,4,160,6
209,2791,4,5,169,5
170,1749,4,4,197,5
277,2791,5,4,379,4
104,1994,4,5,197,4
234,3206,4,5,197,4
239,1328,6,5,133,5
90,1824,6,5,135,5
294,1890,5,5,146,4
131,1622,4,4,201,5
116,2290,4,5,230,6
159,1814,6,4,203,6
205,1528,4,5,158,4
254,1370,6,4,271,4
233,1437,5,5,314,5
176,1670,5,4,278,5
212,1575,4,5,331,4
76,2068,4,5,179,5
162,1728,5,5,178,3
147,1569,4,5,453,6
123,1918,5,5,485,5
259,1454,5,5,201,6
146,1998,6,4,165,4
276,1715,4,4,184,5
254,2150,5,5,139,6
116,2832,6,5,153,6
183,2059,4,5,168,6
214,1522,5,5,205,5
206,1486,4,4,248,4
213,2815,5,5,399,4
328,2448,6,5,231,4
132,1995,4,5,173,6
359,1699,4,4,299,6
125,1123,4,6,122,4
86,2418,5,4,114,4
136,1667,5,4,387,5
120,1378,5,6,216,7
185,2221,5,4,326,4
211,2296,5,5,264,4
155,1648,4,5,401,5
197,3916,5,4,302,6
196,1089,6,5,332,5
209,1432,4,6,113,4
159,1528,6,5,226,5
156,2056,4,4,220,4
137,2008,4,5,218,4
172,2931,5,5,308,4
92,2081,5,5,185,4
224,1966,4,4,214,5
284,2692,5,4,175,5
254,2511,5,5,271,4
160,1830,4,5,402,4
290,2478,5,5,239,5
225,1968,5,4,128,5
362,2022,6,5,211,5
79,2890,6,6,238,4
210,1933,5,5,148,5
218,2425,4,5,96,7
210,2442,5,5,193,5
133,2103,4,5,227,5
193,1936,6,5,237,5
247,1873,5,5,281,5
311,2026,4,5,89,6
122,1920,5,4,148,5
308,1429,5,5,234,5
240,2520,5,5,243,5
209,1555,5,5,92,4
88,1630,5,5,373,4
199,2518,5,5,163,6
291,2281,4,5,175,5
321,1796,6,5,275,4
200,2673,5,5,184,5
153,2751,6,5,166,5
134,2941,3,4,183,4
143,2081,5,5,135,5
167,1581,6,5,131,6
177,1734,5,5,103,5
155,1345,6,6,250,4
148,3271,5,5,367,5
146,2488,4,5,219,5
136,1579,4,5,292,5
320,2351,5,5,115,4
276,2150,4,4,536,4
118,1822,5,5,321,5
107,1524,3,5,167,4
211,2456,4,5,199,4
262,2399,6,6,362,5
114,1794,5,5,255,4
177,1919,5,5,209,5
117,2234,4,5,210,5
301,2049,5,6,333,5
77,1711,4,6,115,5
145,1941,4,4,157,6
128,1936,5,5,125,4
263,2358,4,5,170,4
175,1471,4,5,297,5
96,2062,6,5,289,4
186,1540,5,5,149,5
245,2369,5,5,124,4
313,1773,4,5,188,5
215,1208,5,5,199,5
179,2427,5,5,249,5
87,1773,4,4,233,4
340,1721,5,5,163,5
281,1719,5,4,341,5
215,1289,6,5,139,5
232,1672,5,5,231,4
153,1735,6,5,198,4
255,2004,4,5,227,4
132,2570,5,5,133,4
147,2813,6,5,195,6
156,2884,4,4,255,5
203,1961,6,5,167,4
245,1500,6,4,285,4
113,2468,5,4,313,5
192,2479,5,5,210,5
433,1369,4,6,234,6
190,1479,6,5,257,5
218,1928,5,5,157,6
302,1391,5,5,314,5
208,1665,4,4,254,4
180,2125,3,5,117,5
167,2205,5,4,172,5
221,1886,5,5,273,5
152,1072,4,6,268,6
119,2428,5,5,210,4
106,2391,6,6,228,5
137,2550,5,5,208,4
133,1816,5,5,275,5
246,2338,4,6,411,4
186,2028,4,5,148,5
172,1208,4,5,133,6
248,2053,6,4,210,5
175,2101,4,4,278,5
171,1615,5,5,89,6
155,1483,4,4,249,4
80,2514,5,5,426,5
226,2557,5,6,390,4
312,3113,5,5,424,6
284,2464,5,5,136,5
290,2213,5,5,219,6
168,2326,5,4,106,6
183,2163,5,5,198,5
161,1401,5,5,248,5
258,1389,5,5,262,5
178,2614,5,6,294,4
99,1356,6,5,166,5
148,2070,4,5,90,5
210,1605,5,5,142,5
223,3064,4,5,198,5
120,2778,4,4,187,3
179,2004,5,5,167,6
174,1872,4,5,243,5
302,2063,5,5,127,5
151,2281,4,5,147,4
93,1441,5,4,128,5
248,3336,5,4,88,4
117,1866,4,4,177,4
98,2048,5,5,125,6
143,2016,7,5,212,5
194,1771,5,5,141,7
127,2346,4,5,102,5
328,2422,5,5,100,4
115,2801,4,5,198,6
164,1525,5,5,292,6
154,2508,5,5,150,4
174,4122,4,4,140,5
221,1339,4,5,113,5
300,2062,5,4,183,4
159,1773,5,4,221,4
106,2115,5,5,184,5
110,1243,4,5,128,5
162,2358,5,5,134,5
258,2156,4,4,186,3
144,2374,5,5,250,6
105,2193,4,6,173,4
175,2836,4,5,198,5
105,1900,5,5,165,5
134,1782,6,5,252,4
84,1928,6,4,142,5
112,2210,5,5,155,5
117,2222,4,5,298,4
231,1774,5,5,224,4
148,1375,4,5,156,6
257,1189,4,4,413,5
207,2284,5,5,276,5
151,1954,5,5,130,5
197,1380,4,5,212,5
105,2790,5,5,113,5
298,2400,6,6,166,4
431,2281,4,4,164,4
114,1783,5,4,368,4
110,2149,4,5,240,5
169,2089,5,5,160,4
386,2026,4,5,251,4
297,1837,5,5,233,4
346,2802,5,5,107,6
161,1860,5,4,159,6
103,1676,4,5,237,5
208,1575,4,5,163,5
401,1799,4,5,107,5
262,1926,6,5,134,6
181,1326,5,4,214,5
314,1930,6,4,277,5
245,1972,5,5,136,5
119,2165,6,5,132,5
92,1934,5,5,163,5
183,1964,4,5,486,4
139,1499,5,5,186,5
202,1635,5,4,252,5
275,2071,5,5,291,3
143,1292,5,5,115,4
116,2126,4,5,293,5
370,1976,5,5,245,5
136,1690,4,5,278,6
135,1773,4,5,57,5
134,2284,5,6,87,5
412,2038,5,5,302,4
113,2460,5,6,202,4
94,1570,4,5,155,6
136,1915,5,5,177,4
150,2639,5,5,118,6
320,1695,5,5,141,5
82,1963,6,5,314,5
220,2184,5,5,124,5
160,2407,5,5,298,6
142,1552,4,5,193,4
353,1717,5,5,178,4
227,1689,4,5,174,4
129,3263,6,5,147,5
318,2275,5,5,250,4
107,1686,4,5,365,5
194,1610,4,5,179,4
163,2428,4,5,210,6
189,2225,5,5,242,5
87,2329,5,5,300,5
203,2588,5,5,301,6
141,2500,5,4,193,5
244,1935,4,5,231,5
261,2285,6,5,199,5
197,1779,6,5,132,5
140,2071,4,5,151,4
108,1605,5,5,129,5
191,2337,5,5,337,5
345,1311,6,5,152,5
210,2219,4,5,222,4
209,1193,4,5,302,6
236,2284,5,4,120,4
126,2484,5,4,248,6
126,1336,5,4,188,5
166,1911,5,5,333,6
233,1856,6,4,197,4
221,2074,5,4,240,6
100,1596,5,5,172,5
248,2417,5,5,350,4
219,2024,5,5,250,4
143,2143,5,5,111,5
173,2075,5,5,77,5
360,1535,4,5,134,4
291,1589,5,4,236,5
258,1898,5,5,420,5
189,2199,5,5,222,5
216,2705,4,5,211,4
250,2361,5,5,267,6
156,1594,4,5,202,5
228,2962,6,6,162,6
118,2218,6,5,130,5
338,2198,5,4,197,5
147,2136,5,5,132,5
143,3125,4,5,241,5
185,2316,4,4,139,5
141,1903,4,4,276,4
130,2377,5,5,127,6
209,1985,6,5,154,4
55,1862,6,5,169,6
146,1556,4,6,227,6
230,1758,5,5,184,4
276,1543,5,5,193,4
142,1928,5,5,214,5
87,2373,4,5,319,4
295,2022,6,5,272,4
175,2242,4,5,508,6
119,1616,4,5,206,5
342,3212,4,5,351,5
183,1277,4,5,125,5
169,2798,5,4,236,6
151,1937,4,5,163,5
116,1771,5,5,274,5
183,1989,5,5,204,5
192,1921,4,5,247,5
272,2768,5,5,289,7
111,1374,4,4,233,4
210,1493,5,5,166,4
150,1522,5,6,194,4
280,1594,5,6,188,4
110,1686,6,5,158,5
211,2179,5,4,252,6
138,1670,4,5,258,5
117,2661,5,5,200,4
330,1839,5,5,182,5
346,1504,5,5,492,5
202,1610,5,5,235,5
153,2375,3,4,300,4
375,2181,4,5,229,4
134,1877,5,5,308,4
327,2706,5,5,252,5
268,3121,5,5,191,5
209,2299,5,4,216,4
303,1712,6,5,148,6
150,1469,4,5,79,5
174,1703,5,5,139,6
122,1504,4,6,150,6
166,2263,5,5,188,5
292,1600,4,5,153,6
168,2861,5,5,172,5
125,3021,6,5,272,6
263,2203,4,5,215,4
112,1546,5,5,212,4
210,1458,4,4,115,4
253,3100,5,5,160,4
320,2394,5,5,139,4
101,2468,5,5,204,5
199,1683,6,6,88,5
237,2370,4,4,164,5
116,1746,5,5,172,6
240,2155,5,5,208,4
170,1731,5,5,169,4
192,2809,5,5,113,5
231,1845,4,5,319,6
181,2987,4,5,185,5
220,1786,4,4,111,4
350,1543,4,6,473,6
205,1391,5,4,224,4
437,3582,6,5,185,5
109,1830,5,5,187,5
196,1447,4,6,186,6
329,2479,4,5,271,5
146,1144,5,5,120,4
318,1714,4,5,79,4
212,2397,5,5,148,4
329,2023,5,5,277,5
118,2534,6,5,203,5
118,1744,5,5,140,4
145,1468,5,5,146,6
137,2142,5,5,312,5
204,2095,4,5,297,5
183,2437,7,5,361,4
161,1914,6,5,286,5
215,3142,4,4,286,4
217,2012,5,5,109,5
130,2004,4,4,92,4
268,2367,5,5,212,5
166,2352,5,5,253,4
105,1547,5,4,187,4
323,1924,6,6,151,6
172,1593,5,5,191,4
154,2747,5,5,211,5
158,1174,5,5,85,4
95,2937,5,5,237,5
195,1875,5,5,142,4
312,1820,6,4,162,4
199,1640,7,5,208,5
172,2181,5,5,141,5
241,1679,5,5,195,6
171,2229,5,5,201,5
157,1985,4,5,348,6
134,1902,5,5,136,7
96,2037,6,6,207,5
244,2077,4,5,151,5
165,3123,4,5,286,6
151,2345,5,5,200,5
170,2613,5,5,208,5
403,3009,4,5,158,5
114,2248,4,4,177,5
272,1760,4,4,169,5
210,1732,5,4,249,5
219,1532,4,4,131,6
223,2407,5,5,179,4
124,1709,5,6,143,5
123,1746,5,6,139,5
84,2425,4,6,152,4
143,2191,5,5,323,5
119,1693,5,5,158,6
138,1480,4,5,207,6
238,1387,5,5,161,6
111,2470,5,5,187,5
296,3036,4,5,193,5
385,2291,5,5,179,5
210,2175,5,5,287,5
193,1844,5,5,82,5
151,2504,4,6,137,5
212,1637,5,5,98,5
209,1135,5,4,384,5
140,1882,5,6,129,5
158,1016,5,5,192,5
171,1195,5,5,194,5
200,1592,6,5,166,6
210,1564,4,4,162,4
255,1975,4,5,157,4
279,1711,5,5,194,5
94,1679,5,5,343,4
162,1934,4,5,169,4
202,1793,7,5,268,4
101,1457,5,5,246,5
264,2979,6,4,284,4
153,1855,6,6,268,5
251,1756,5,5,91,5
214,1517,5,5,282,7
142,1998,6,5,360,5
267,2280,4,5,307,6
84,1499,4,5,156,6
112,1749,5,5,268,5
140,1280,5,5,134,4
132,2258,4,4,164,5
191,1668,4,5,283,4
146,1532,4,4,228,5
123,1965,4,5,135,5
118,1880,5,4,349,6
330,2530,5,5,305,5
214,1572,4,5,287,5
203,1845,4,5,133,5
159,1782,5,5,118,5
214,1639,4,5,227,5
236,1869,5,5,129,5
296,2162,5,5,218,4
291,2130,4,5,163,5
274,1875,4,4,194,5
104,1923,6,4,124,5
238,1992,5,5,157,5
175,3240,5,5,170,4
131,1403,5,5,309,4
180,1764,4,5,476,5
198,2888,3,5,99,5
428,1951,5,4,362,5
264,2002,4,4,217,4
148,2236,5,5,148,6
264,1635,7,5,269,5
135,2515,5,5,135,5
222,3334,4,5,206,6
100,1444,5,5,132,5
267,2161,5,6,141,5
83,1916,5,5,91,5
195,2674,5,5,134,5
179,2660,5,5,311,4
245,3000,5,5,200,6
226,1419,5,4,89,5
166,2543,4,5,461,4
107,2586,5,5,253,3
160,1789,5,5,175,5
133,2608,3,5,240,5
208,2506,6,4,188,4
214,1928,4,5,281,5
96,2233,4,5,144,6
170,1547,5,5,309,6
327,2588,5,5,300,6
221,1891,4,5,240,5
220,1750,5,5,167,4
116,2390,5,5,446,6
215,1750,4,5,265,5
225,2667,5,5,142,5
200,2532,4,5,162,5
239,1937,5,5,258,5
171,1619,5,5,234,5
259,1274,4,5,198,5
121,1340,4,5,272,5
369,2867,5,5,118,5
194,1767,3,5,150,4
315,1682,5,5,132,4
602,2097,6,5,129,6
194,1781,6,6,119,5
110,2080,4,5,151,4
218,1772,4,4,316,4
193,1990,5,4,377,5
255,1451,4,5,130,5
217,1463,4,5,153,4
101,1782,4,5,311,5
336,2159,4,5,220,6
123,1831,5,5,119,5
439,1620,4,5,200,5
278,2152,5,5,247,4
189,2776,5,6,182,6
155,2046,5,6,196,5
178,1149,4,5,206,5
272,2719,5,5,184,3
157,2255,5,5,211,4
253,2007,5,5,461,5
195,1586,4,5,105,4
157,1844,5,5,119,5
243,2698,5,5,290,5
197,1822,4,5,199,4
261,2098,4,5,272,5
223,1610,5,4,296,6
116,1727,5,5,171,5
338,2036,5,5,229,5
242,2868,4,6,119,4
175,1904,6,5,240,4
169,1211,5,5,202,5
120,2237,5,5,209,5
127,1914,5,5,170,5
224,1984,5,5,253,4
133,1334,5,5,250,5
171,2161,5,4,135,5
248,2915,5,5,160,4
168,2246,7,5,190,5
149,2500,6,5,128,5
349,1816,5,6,126,5
212,1623,5,5,101,5
240,1484,4,4,143,5
190,1396,5,5,274,5
271,2339,6,5,197,5
103,3554,4,5,91,4
362,2287,6,7,183,5
265,2387,5,5,151,6
153,1340,4,4,279,4
270,2068,4,4,247,4
191,1891,5,4,253,5
168,2130,5,5,269,4
133,1328,5,5,186,6
285,1955,6,5,107,6
189,3294,5,5,270,5
258,1363,5,5,165,5
224,2751,4,5,129,7
264,2013,4,5,174,5
105,1958,6,5,278,4
166,2288,4,5,148,5
145,2034,5,5,219,5
179,2165,4,5,228,6
248,2309,5,5,266,4
117,2028,4,5,189,3
139,1601,5,4,229,4
543,1752,6,5,323,5
226,1526,6,5,166,4
124,1574,5,5,177,5
238,3311,4,4,178,6
269,2494,4,4,178,6
282,1355,5,5,94,5
160,2292,4,5,105,5
156,1645,5,5,315,4
158,2549,5,5,153,3
162,1950,4,5,267,5
404,1630,6,5,356,5
189,1309,5,6,106,6
297,1807,7,5,293,5
172,1917,4,5,130,5
223,2315,5,4,221,5
185,1911,5,5,76,5
532,1527,6,5,186,4
194,1923,5,4,230,5
131,1737,6,5,195,5
134,3021,4,5,187,5
214,2957,5,5,211,5
258,2291,5,5,205,5
206,2141,5,5,110,4
279,2971,5,5,300,5
203,1931,5,6,147,5
108,1068,4,5,195,6
198,1638,5,5,141,5
211,1959,5,5,247,5
95,1571,5,5,194,4
124,2032,5,5,152,6
150,2124,5,5,278,5
186,1271,5,5,260,5
309,1722,5,4,101,6
155,1779,5,5,197,5
264,1832,5,5,137,4
293,2807,4,5,193,4
364,2790,6,5,210,5
154,2741,5,5,175,5
211,1995,4,5,174,4
594,1701,6,5,309,4
199,1721,5,5,213,4
310,2153,6,5,128,4
203,978,4,5,132,4
132,2096,5,5,195,5
349,1599,5,6,364,5
204,871,4,5,151,4
127,2494,5,4,148,4
134,3039,5,5,348,5
108,2540,4,6,202,5
148,1831,4,5,239,4
127,1728,6,5,138,6
177,1890,6,4,143,5
189,2092,3,5,212,5
225,1891,5,5,157,6
108,2289,5,5,300,4
176,1562,5,4,322,4
309,2843,5,5,113,5
372,1414,4,5,374,4
162,2006,6,5,239,6
200,2255,5,5,279,6
189,1640,5,5,193,5
135,2127,4,5,176,5
122,1558,4,5,94,5
206,1591,4,6,162,4
197,2079,4,5,120,5
141,1998,5,5,167,6
134,2066,6,5,213,5
155,2058,6,5,191,5
208,2689,6,5,79,6
169,1488,5,5,169,4
133,2315,6,4,121,5
246,2057,4,5,188,4
179,2308,5,6,117,5
231,1278,5,5,279,5
286,1880,5,5,346,5
105,2603,4,5,237,5
180,1824,5,5,135,6
274,2235,4,5,153,5
192,1793,5,5,296,4
226,1278,5,6,183,5
73,1562,4,4,151,4
203,1715,5,5,412,4
173,1819,5,5,198,5
104,1727,5,5,67,5
149,1628,5,5,114,6
81,1900,5,5,190,5
285,1846,5,5,187,4
309,2669,4,6,210,6
202,2717,6,5,197,5
137,2118,4,5,209,5
189,2083,5,5,157,7
182,2080,5,4,320,5
91,2597,4,4,130,4
145,2265,4,5,203,6
127,2356,4,5,408,4
222,1671,5,5,258,5
196,2415,4,5,263,6
286,1969,5,5,292,5
270,1486,5,6,255,4
156,1775,6,4,112,5
266,1696,5,4,251,4
197,1751,4,5,133,4
291,2185,4,5,114,4
197,2458,7,5,150,5
233,1543,5,5,128,4
258,1586,5,5,238,4
173,981,4,5,126,4
279,2343,5,5,253,4
113,1431,5,5,143,5
200,2099,6,5,386,6
416,2474,4,5,224,5
228,2378,5,4,135,3
199,1530,5,5,86,5
306,2093,6,5,309,5
155,3063,4,6,148,5
230,1835,5,5,95,5
427,1631,5,5,206,5
266,1975,4,4,273,5
180,2278,6,5,233,5
192,1529,4,4,342,5
174,1889,4,5,189,5
338,1904,4,4,110,5
133,1624,7,5,402,5
354,3581,6,5,225,5
329,1688,4,6,86,5
143,1638,5,5,88,4
220,3117,5,6,227,4
255,1891,5,5,271,4
211,1311,4,5,235,4
241,2216,4,5,277,5
155,1895,5,5,134,5
138,2138,4,5,156,4
246,2421,4,4,188,4
161,1790,4,6,223,3
242,2150,4,5,264,5
201,2093,4,5,242,4
101,2326,4,5,226,4
139,2083,5,4,116,5
102,2224,4,5,152,5
138,1382,4,5,160,5
413,1330,5,6,259,8
170,1979,4,5,240,5
154,1589,5,5,149,5
66,2402,5,5,132,5
381,1911,5,5,143,5
258,2066,5,5,89,5
142,1326,5,4,170,5
448,2224,5,6,338,5
142,2565,5,5,152,4
84,3004,5,5,217,5
135,1494,4,4,187,5
265,2235,5,5,192,4
355,2989,4,5,167,7
248,3386,5,5,412,5
145,2243,5,5,411,4
112,1472,4,5,116,6
136,2017,4,5,110,6
222,2891,4,5,102,5
150,2645,5,5,216,5
310,1770,5,5,113,4
123,2082,4,5,153,5
241,1871,6,5,299,4
167,1246,4,5,150,5
219,1827,5,4,176,4
141,1448,5,5,133,4
186,2354,4,5,293,4
195,2213,5,4,252,4
171,2819,5,5,90,4
242,1182,4,5,69,5
258,1706,5,4,188,5
234,2878,5,6,236,5
211,2105,4,5,198,4
392,1322,4,5,216,4
286,1704,3,4,144,5
260,1870,5,5,117,5
129,1730,6,6,213,5
256,2182,4,4,310,4
156,1528,5,5,232,5
70,2052,4,5,175,5
130,2516,5,5,145,3
316,2829,4,5,124,6
127,2026,5,4,342,6
193,2486,5,4,197,5
187,2427,5,5,242,4
114,2070,6,5,174,4
225,2010,4,4,157,5
282,1625,4,4,229,3
134,1664,6,5,227,5
155,2017,4,4,121,5
94,2557,4,5,146,4
250,2268,3,5,127,5
109,2340,5,5,162,5
237,1580,5,5,191,6
163,2888,5,5,367,5
229,1987,4,5,155,4
134,2223,5,5,247,6
284,2372,5,5,128,5
248,1681,5,5,287,5
133,1970,4,5,185,5
133,2605,7,6,340,4
144,1474,4,5,164,5
131,2460,5,6,232,4
138,1558,5,5,165,6
262,1865,4,5,253,5
212,1803,4,4,152,4
229,1812,5,5,170,6
118,1968,6,5,217,6
112,1854,4,5,265,5
186,1608,4,5,155,5
127,1387,5,5,119,5
190,1800,4,5,107,4
219,2547,5,5,173,5
99,2754,4,5,212,6
353,2121,5,5,188,5
169,1438,5,4,123,5
424,1877,5,5,225,5
91,1642,6,5,169,5
243,1968,5,5,150,5
173,1731,5,6,265,6
331,2560,5,5,238,5
213,3081,4,5,107,6
222,1800,5,5,221,5
333,2786,5,5,255,4
205,1704,5,4,171,3
119,2018,5,5,149,5
171,2323,4,5,222,5
190,2923,4,4,459,4
222,1971,4,5,211,6
179,3256,4,5,156,5
352,3164,5,5,251,5
256,2355,4,5,190,5
183,2714,5,5,209,5
172,2617,4,4,145,5
399,1399,4,5,182,4
144,2050,4,5,121,5
146,2629,5,5,128,5
305,3287,5,4,86,5
314,2099,5,5,287,5
96,1844,5,5,146,5
165,1973,4,5,356,5
194,1969,6,6,230,4
458,2346,5,6,238,4
204,1234,5,5,230,5
145,1581,5,5,98,5
112,1952,5,4,251,4
201,1880,4,5,175,6
260,2395,5,5,174,4
173,1985,6,5,148,5
282,3177,4,5,276,5
166,1475,4,5,101,5
246,3948,6,5,109,4
258,2241,5,5,195,5
173,1354,6,4,245,6
359,2552,5,5,248,6
356,2511,5,5,135,5
369,3124,5,5,228,4
258,1462,6,5,187,4
304,2832,5,5,132,4
262,1532,4,5,108,4
223,1979,4,5,139,4
247,2930,4,5,154,5
220,1354,4,5,201,5
184,2123,5,5,300,4
291,1550,5,4,146,5
107,1853,5,5,169,5
153,2642,4,5,444,6
230,2278,4,5,291,5
98,1431,5,5,140,5
80,1259,5,5,267,5
136,1706,5,5,264,6
159,2180,5,5,284,4
190,2188,5,5,108,4
126,2082,5,5,137,4
194,1883,5,5,251,4
118,1645,5,5,161,4
204,2073,5,5,211,5
243,1547,5,5,194,6
107,1831,4,4,130,4
138,2261,6,5,151,5
190,1940,5,5,163,4
252,2772,5,5,130,4
268,1806,5,5,183,6
116,1532,3,5,125,5
228,1396,5,4,279,4
587,2465,4,5,200,4
177,1118,5,5,174,5
143,1995,5,6,271,5
134,1841,6,5,157,6
171,2225,4,5,170,5
105,1767,6,5,466,5
119,1407,6,4,193,5
252,1529,4,5,198,4
62,2612,4,5,190,5
108,2143,4,5,236,4
249,2714,4,4,217,4
117,1440,6,5,253,5
177,1575,5,5,131,4
279,1652,5,5,94,4
203,1694,6,5,136,5
168,1310,5,5,202,5
143,1420,5,5,219,6
162,2102,6,5,172,5
514,2144,5,5,229,5
139,2542,5,5,179,5
359,2674,4,5,202,5
163,1718,6,5,141,5
206,2047,5,5,155,5
261,1644,5,5,70,5
241,1842,5,5,157,6
116,1908,5,5,235,6
315,1615,5,6,224,5
307,2179,6,5,313,5
191,2915,5,6,200,5
258,2368,5,5,314,5
258,2746,4,5,159,6
302,2410,5,5,140,5
265,1037,5,5,65,5
136,1885,5,5,162,5
94,1876,4,5,82,6
122,1307,4,5,198,4
214,2105,5,5,262,5
169,1334,6,4,86,5
151,1843,5,5,206,5
193,1365,4,5,139,4
122,2185,6,5,304,6
128,1649,5,5,231,4
200,2559,5,5,160,4
177,2192,6,6,111,4
301,1945,4,5,200,5
137,1624,4,5,236,4
96,2388,4,5,226,5
236,2119,4,5,152,4
153,1245,5,5,215,5
89,1401,6,5,322,4
138,2585,5,4,242,4
302,2057,4,5,426,5
249,1874,5,5,123,6
220,2093,4,5,185,4
157,3778,5,5,228,4
117,1119,5,5,266,5
126,2638,4,5,169,4
174,1192,5,5,81,5
89,1762,5,5,149,6
301,1870,4,6,269,5
245,2156,5,4,242,5
141,2017,4,5,145,5
198,2000,4,5,268,5
274,1793,4,5,187,5
157,2323,5,5,322,6
89,1805,5,6,182,5
189,4236,4,5,399,5
134,2020,6,5,256,4
162,1894,5,5,132,5
101,1987,4,5,119,4
263,1941,5,5,242,5
174,2869,6,5,133,4
209,2540,4,5,178,5
88,1536,5,5,92,5
147,2124,5,5,132,6
270,2684,5,5,212,5
139,2885,4,5,153,4
185,2862,4,5,344,4
245,2021,6,4,256,4
132,2496,5,5,98,4
139,2054,5,4,381,5
265,2503,5,5,165,4
143,1655,5,5,90,5
403,2215,5,5,103,5
212,1910,4,5,214,6
127,1731,3,5,156,6
102,2083,6,5,126,5
207,1598,4,5,277,5
147,2878,5,5,307,5
179,2601,4,4,209,4
104,2378,5,5,217,5
190,2430,4,4,116,5
267,1552,5,5,281,5
158,1935,5,5,309,4
221,2148,5,5,116,5
209,1951,5,6,293,5
186,2181,5,6,380,5
176,1861,4,6,132,5
132,2826,5,5,231,5
115,1962,4,5,155,6
199,2208,4,4,108,4
260,2006,4,5,138,3
145,2220,5,6,109,6
152,1935,4,5,157,5
93,1784,6,6,262,6
162,1805,4,5,280,5
222,2017,5,5,269,5
163,1920,6,5,186,6
361,2082,4,5,313,5
210,3285,4,5,420,5
180,1820,5,4,178,5
190,2680,4,5,159,4
205,2867,5,6,139,5
290,2242,4,5,178,5
146,2594,4,5,220,5
223,1958,5,4,182,5
151,1382,4,5,129,4
112,1815,4,6,163,5
210,1637,4,6,213,5
78,1168,5,5,172,5
325,3040,5,5,156,4
375,1558,4,4,131,5
195,3077,4,4,157,4
249,2893,5,6,144,4
236,1549,6,5,271,5
113,1785,4,5,166,5
175,1870,5,6,104,4
336,1912,4,4,275,5
211,2041,6,4,141,5
220,1743,4,4,157,5
317,2241,5,5,123,5
187,914,4,5,113,4
149,1929,5,5,235,5
285,1212,5,6,111,5
195,1958,6,5,529,5
176,1710,6,5,142,6
93,2257,4,5,340,5
302,2721,4,5,159,4
110,2178,5,4,510,4
186,2827,6,5,110,6
189,2189,5,6,299,5
112,2824,5,5,138,5
250,2861,4,5,318,4
459,1834,4,4,153,5
136,1908,5,5,151,5
303,1729,5,5,219,5
126,2336,5,5,97,4
186,2170,4,5,134,4
107,1656,5,5,179,4
289,3338,4,5,184,5
197,2041,5,4,108,5
168,1773,5,5,135,4
180,1808,4,5,155,5
177,2524,5,5,246,4
172,1840,6,5,226,6
188,2302,5,5,235,5
85,1758,5,6,171,5
185,1860,6,4,164,4
181,1881,5,5,337,5
157,2458,6,5,117,5
253,1799,5,5,126,5
160,1629,4,5,306,5
234,2489,5,6,109,5
238,2338,5,6,382,5
154,2915,5,5,158,5
213,3274,6,4,253,4
130,2120,4,5,129,4
278,1976,6,6,233,6
107,1999,5,5,299,6
129,2067,6,5,273,4
200,1576,5,5,168,5
78,1528,6,5,151,5
298,3357,7,5,180,5
176,1848,5,5,174,5
156,1459,5,5,256,4
120,2253,4,5,239,4
237,3077,5,5,338,5
143,1630,4,5,200,5
297,1913,5,6,399,5
202,2158,3,4,178,5
94,2605,5,5,149,4
109,1608,5,5,123,5
247,1795,5,5,167,5
262,1398,5,4,150,5
246,1499,5,6,183,4
287,1416,6,5,88,4
159,2270,5,5,176,5
252,1966,5,5,293,5
167,2123,4,4,188,4
238,2540,5,4,286,4
134,1980,5,5,294,5
159,2699,4,5,167,5
195,1639,5,5,219,5
73,1200,4,5,165,5
257,1538,5,5,459,5
217,1242,5,5,221,5
243,2348,5,6,340,5
152,1904,4,6,275,3
372,2159,5,5,298,5
163,2533,4,5,271,5
254,2424,6,5,380,5
254,1662,6,4,280,6
412,2849,5,5,247,4
220,2225,4,5,182,4
218,2034,5,5,149,5
302,1871,4,6,197,7
105,1685,4,5,255,4
215,1564,4,5,173,4
135,1349,6,5,295,5
169,1791,4,5,168,4
208,2061,5,5,123,5
194,2115,5,5,262,6
200,1796,5,4,176,4
102,1935,5,5,382,5
166,1542,5,4,110,5
122,1519,6,5,110,4
266,2443,4,5,227,3
123,1767,4,4,162,4
169,1356,5,5,282,5
186,2921,4,5,158,5
104,1968,5,5,319,4
117,2059,7,5,235,5
106,1293,4,4,270,5
142,1866,5,4,122,4
451,1824,5,5,162,4
147,2096,5,5,260,4
206,2003,6,5,95,5
148,2778,5,6,128,5
351,2067,5,6,154,5
335,2436,5,5,151,6
200,1201,5,4,269,4
284,1926,4,5,230,5
178,2493,6,4,155,5
200,1714,4,5,207,6
254,2625,4,4,169,5
306,1910,4,5,142,5
92,2002,4,5,148,5
280,1690,3,5,304,6
108,1502,5,5,160,5
258,1888,4,5,160,5
204,1526,7,6,338,5
148,2623,5,5,376,5
289,1696,4,4,305,4
320,2280,4,5,146,3
347,1968,4,6,170,5
139,2080,4,5,86,4
378,1941,5,5,226,5
249,1941,3,5,189,5
272,2817,5,5,203,4
280,1807,4,4,84,6
93,2330,4,5,230,4
314,2254,6,5,320,4
117,2292,5,5,152,5
277,3370,6,4,112,6
179,1991,4,5,85,5
142,2287,6,5,239,4
210,1488,5,6,305,5
285,2108,4,5,170,4
195,2634,5,5,226,5
348,2607,5,5,316,5
693,2177,4,4,252,4
249,1289,4,5,169,5
176,2135,6,5,164,5
183,1168,5,6,223,5
451,2749,5,5,284,5
106,2422,5,6,190,6
196,2356,5,4,201,4
414,2358,6,5,174,4
87,3586,5,5,171,4
294,3932,6,5,123,5
75,1176,4,4,113,4
125,1657,4,5,111,6
420,3269,5,5,183,5
215,1927,4,5,237,4
111,1873,5,5,306,5
420,1669,4,5,166,4
195,2850,5,4,116,5
135,1370,5,5,149,6
154,2305,5,5,165,5
187,2203,5,5,215,5
249,1252,4,6,256,5
178,2255,5,5,149,4
216,2311,4,6,229,5
127,2554,6,5,106,5
117,1653,5,5,147,5
299,2330,4,5,315,4
159,1834,5,5,314,5
224,1466,4,5,208,4
110,1499,6,4,179,4
202,3569,4,5,475,4
255,2749,5,4,306,5
210,1410,7,5,174,4
177,2344,4,4,188,6
174,3735,6,5,227,5
85,2219,4,5,181,4
180,2143,6,5,116,5
122,1485,5,6,138,5
227,1313,4,5,237,5
141,2189,4,5,155,4
324,2649,5,5,150,4
103,1506,5,5,163,4
267,2332,5,5,325,4
277,2771,4,5,299,4
221,1469,5,5,295,6
473,2245,7,5,312,5
130,1918,5,6,200,6
155,2337,6,5,121,6
126,1762,5,6,125,5
244,1211,6,5,172,4
168,1794,4,5,229,4
275,2231,5,4,248,6
160,1649,5,5,129,4
127,1826,4,5,168,4
188,2114,4,5,214,5
233,2252,4,5,279,4
166,1630,5,5,151,4
233,1915,5,5,146,5
160,1673,4,5,92,4
100,1432,4,5,84,5
84,1680,5,5,255,4
182,2987,5,5,286,4
250,3510,4,5,136,4
161,1761,5,5,390,5
239,3081,5,5,309,4
92,1532,5,5,167,5
222,2190,5,5,162,4
244,2259,6,4,305,5
176,2082,4,5,205,5
159,2279,5,5,126,5
212,1943,4,5,108,5
164,1591,4,5,342,4
154,2189,6,5,216,4
109,2395,5,4,153,4
321,2201,5,5,200,5
113,2913,5,5,243,6
203,1891,5,5,96,5
259,1914,5,4,208,4
124,2882,4,4,147,4
123,2552,5,5,139,4
335,3383,4,5,213,5
141,2435,4,5,249,5
223,1520,5,6,95,4
212,2194,5,4,117,6
153,3207,6,5,108,5
310,2502,5,5,175,5
161,2766,6,4,183,6
321,1540,4,5,224,5
118,1527,4,5,175,4
210,2096,5,5,287,4
250,3239,5,5,216,5
247,1878,4,6,214,7
255,1859,5,5,158,3
139,2852,5,5,245,5
156,1543,5,6,218,4
246,1788,5,5,129,5
326,1527,4,5,170,5
117,1670,4,4,112,4
209,2424,5,5,160,5
226,1495,5,4,177,4
314,1713,5,5,236,5
241,1747,5,4,161,6
155,1481,5,5,137,5
145,1615,6,5,151,5
238,2984,4,5,201,4
192,3228,5,6,160,5
232,2679,4,5,112,4
169,2153,6,5,451,4
185,1272,5,4,274,4
217,1359,5,5,139,5
310,2521,5,5,113,6
273,2879,4,4,187,4
577,2178,4,4,163,5
105,1418,5,5,271,5
578,1841,5,5,477,6
306,1554,5,5,131,5
196,1788,5,5,699,5
213,1172,4,6,246,4
117,1841,5,4,259,5
143,1850,5,5,141,5
247,2011,5,5,212,5
225,1505,5,5,172,4
157,1828,5,5,108,4
184,1284,6,5,250,4
159,1174,4,4,340,5
281,2487,4,5,134,5
342,1975,5,5,154,5
173,1948,3,5,118,5
178,1721,5,5,113,4
130,1941,4,5,110,6
186,1472,4,5,218,5
144,1768,5,5,131,4
163,2351,4,4,135,5
88,2455,5,5,363,6
232,1457,5,5,215,4
201,1425,5,5,151,4
273,2179,6,5,192,4
221,3206,4,5,131,6
290,1333,4,5,222,5
253,1921,4,5,194,4
155,2301,6,5,124,4
118,1944,5,5,202,5
267,2936,4,5,221,4
191,2226,5,5,126,5
103,1830,6,6,234,5
207,1691,6,5,79,5
291,2268,5,5,149,5
88,1513,4,5,183,4
133,1755,5,4,118,5
203,1972,4,5,261,5
211,2117,6,5,145,5
86,1774,5,5,209,5
244,1774,5,5,113,3
267,2993,5,4,298,5
213,1908,5,5,130,6
287,2431,4,4,103,5
181,1412,4,5,229,4
120,2447,4,5,101,4
482,2450,4,4,164,5
68,2145,5,6,209,7
221,2758,6,4,142,5
180,1200,4,5,160,5
268,2634,6,5,203,5
140,2682,5,4,363,5
142,1459,5,5,196,5
244,3240,3,5,220,5
169,1990,5,5,161,5
290,1857,4,5,219,5
210,2324,4,5,243,5
275,1666,5,5,147,7
216,1604,6,5,128,5
165,1651,5,5,112,4
182,2096,5,5,217,6
417,2807,4,5,152,5
187,1549,4,5,319,5
273,2479,5,4,188,5
185,1505,6,5,244,5
242,2626,5,5,187,5
404,2017,5,5,231,6
153,1814,4,4,288,6
150,2425,5,5,101,5
170,2220,5,5,200,4
112,1811,4,5,194,7
125,2381,5,5,110,5
177,2435,4,4,141,4
190,2407,7,5,184,4
138,1622,5,5,136,5
236,2375,6,5,353,5
335,1847,6,5,174,5
198,1874,5,5,192,4
145,2304,5,4,201,6
222,2230,5,6,256,5
208,2139,5,5,171,5
117,2020,5,5,192,5
229,3151,5,5,214,5
172,2664,4,4,141,4
213,2249,5,5,125,5
128,1404,5,5,151,5
233,2523,4,5,122,5
219,1458,4,4,270,4
168,1895,4,5,173,5
169,2165,5,5,202,5
80,1514,4,4,83,4
397,2067,4,5,272,5
137,1922,4,5,163,5
106,1996,5,6,179,4
263,2111,5,5,253,6
115,2659,6,6,207,5
212,2602,4,6,275,5
158,1849,5,4,203,5
252,1751,5,4,237,5
200,2557,5,5,58,4
164,2297,5,5,267,4
191,2220,6,5,154,7
219,2407,5,4,151,4
163,3112,6,5,131,5
356,2034,4,5,136,5
114,1882,4,5,278,5
173,1825,4,5,259,5
133,1560,4,5,239,4
205,2280,6,5,162,4
312,2092,5,5,273,3
267,2832,5,5,186,6
295,1464,5,6,164,6
279,1319,5,4,156,4
274,2145,4,5,110,4
166,2829,4,5,256,4
229,2646,5,5,296,4
179,3934,5,5,363,5
374,1729,6,5,479,5
136,2153,4,5,239,4
175,2858,3,4,236,6
212,1898,4,5,152,4
108,2563,5,5,114,4
252,2133,6,5,243,5
131,1813,5,6,228,4
197,1816,4,5,162,5
98,1630,4,4,229,4
358,1670,5,5,171,5
265,1394,4,5,116,5
213,2410,5,5,153,7
155,1792,6,5,82,5
219,2341,4,5,210,5
302,2331,4,5,269,5
339,2009,5,5,125,5
269,1704,4,5,113,5
131,1946,4,5,135,5
98,1537,5,5,111,5
224,2130,5,5,231,7
163,2027,5,5,98,5
298,2903,6,5,179,5
232,1447,5,5,259,4
287,2454,4,4,160,3
113,1487,5,5,124,4
165,1655,5,5,135,4
142,3228,6,5,183,5
142,2089,6,5,160,5
262,2346,5,6,314,5
155,1774,6,4,154,5
104,1550,5,5,323,4
121,2308,5,5,270,5
179,1649,5,5,242,5
155,3153,5,4,74,5
135,2160,3,5,278,4
375,2189,5,5,175,4
365,2443,5,5,110,5
111,1737,5,5,202,5
135,2239,5,5,130,5
222,2129,5,4,97,5
159,1771,4,5,155,4
181,1884,3,5,136,5
275,2167,5,6,398,4
270,2566,5,5,84,6
237,1637,4,5,119,5
118,2901,6,5,212,5
141,2122,5,5,199,5
253,2686,5,6,127,6
294,1906,4,4,323,4
145,1456,5,5,167,5
261,1220,4,5,239,5
145,2948,5,5,148,5
275,2484,4,5,199,5
132,1753,4,5,115,5
214,2029,5,5,83,5
89,1187,6,5,97,5
224,3017,5,5,159,6
201,3600,5,5,344,5
317,1918,5,4,140,6
303,2031,5,5,276,4
129,1977,5,5,200,5
293,1711,4,6,92,4
212,2283,5,5,100,5
109,2954,5,5,308,5
311,1689,5,5,156,5
175,1189,6,5,124,6
162,3112,5,4,193,6
117,2780,5,6,209,5
302,1670,5,5,281,5
127,1943,4,4,122,5
144,2224,6,4,232,5
155,1274,4,5,122,4
84,1484,4,5,166,5
214,1535,4,5,183,5
169,1973,6,4,204,5
133,1940,4,5,328,6
217,2389,5,5,168,5
213,1919,5,5,156,6
89,2811,4,5,195,5
165,1832,5,5,137,4
186,1191,6,5,164,4
222,2334,5,5,208,5
156,1629,4,5,248,5
135,1832,5,4,197,5
194,2451,6,4,219,5
224,1948,4,4,199,5
340,2214,5,5,229,5
115,1959,5,5,177,6
135,1623,5,5,234,5
210,2301,6,5,238,5
227,1484,5,5,123,5
326,2232,5,5,232,5
130,1992,5,5,143,4
182,3233,4,4,306,5
222,2465,5,4,249,5
130,2211,5,6,172,5
192,2761,5,4,289,5
232,2132,6,5,197,4
257,1711,4,5,263,4
253,1623,5,6,123,4
114,1268,5,6,197,6
307,1643,5,5,226,5
138,1887,4,4,335,4
291,3655,4,6,201,4
156,2083,4,5,183,6
151,1625,4,5,142,4
126,3386,4,5,228,5
123,1044,5,5,186,5
260,2656,4,5,123,5
190,2915,5,5,428,5
265,2514,5,5,205,5
187,1700,6,5,236,5
263,2867,6,5,124,5
164,2109,4,5,325,5
185,2337,5,6,158,5
168,1495,6,5,205,5
189,1610,5,5,157,6
129,1233,5,5,270,5
122,1600,4,5,112,6
235,2007,5,5,219,4
106,1978,5,6,246,4
193,3318,6,5,534,5
182,1690,6,5,146,4
132,1471,8,6,75,5
534,2293,5,5,152,4
228,1623,5,4,230,4
225,1718,5,4,233,5
214,1226,4,5,64,5
137,1690,4,5,117,5
138,3504,4,5,177,6
178,1310,5,5,112,5
284,2836,4,5,196,6
284,2311,6,6,148,6
301,2593,5,5,113,5
222,1822,5,5,426,3
356,1653,6,4,142,5
334,1863,5,4,170,5
179,1944,5,5,265,5
152,1378,5,5,287,4
287,2643,5,6,538,4
192,1367,4,5,353,5
128,2164,3,5,142,4
89,2438,4,5,239,5
95,1927,4,5,194,5
150,1514,5,5,202,5
181,2262,5,5,209,5
189,1846,5,5,98,6
313,1967,5,5,198,5
116,2934,5,5,132,5
142,2402,5,5,114,4
245,2574,6,4,197,5
136,1849,6,5,103,5
150,2475,5,4,261,6
77,2064,4,5,170,6
146,2215,4,5,200,4
146,1196,5,5,75,5
277,1620,5,5,316,5
206,2483,4,5,320,5
210,1749,5,5,279,5
113,1510,4,5,173,5
127,2758,6,5,232,6
369,3258,5,5,139,5
183,2701,5,5,295,5
87,1253,5,5,78,5
168,2036,5,5,145,5
202,1537,4,5,165,5
198,2275,5,5,212,5
181,2519,4,5,219,5
129,1225,5,4,238,4
144,1373,5,5,180,4
219,2006,4,5,291,4
252,2077,5,5,129,4
137,1154,5,5,167,4
299,4130,5,5,264,5
131,2171,6,5,331,5
294,2520,5,4,207,5
150,1624,4,5,220,4
207,1908,6,5,145,5
140,2129,5,5,217,5
127,2015,4,5,255,4
121,2019,5,5,484,4
70,1551,5,5,187,5
112,2576,5,6,258,5
146,2214,6,5,143,4
245,1468,5,5,247,5
109,2223,5,4,212,4
142,2375,4,5,241,5
177,2658,5,5,179,5
177,1679,5,5,239,5
132,2446,4,5,148,6
91,1742,6,5,181,4
203,2340,4,5,161,4
283,2547,4,5,179,6
241,2278,5,5,129,5
117,1746,5,5,189,5
218,2706,5,5,180,4
265,1796,4,5,290,5
90,1913,6,5,309,5
226,1459,4,5,258,4
172,1684,4,5,349,5
108,1665,4,6,152,6
313,3118,5,4,223,6
147,2768,5,6,147,5
171,1960,5,5,230,5
270,2566,5,5,151,6
78,1859,5,5,163,4
95,2331,6,5,165,5
276,2897,5,5,179,5
68,2022,5,5,243,5
211,2171,5,5,117,5
280,2813,5,5,220,5
140,2870,5,5,191,5
97,1647,6,5,207,5
125,1205,4,5,204,5
147,1313,5,5,187,5
265,2033,4,5,161,5
250,2563,5,5,323,5
251,2933,5,5,113,4
160,2858,4,4,283,5
128,1949,4,5,272,4
269,1890,4,6,92,4
300,2018,5,5,111,5
342,1826,6,5,157,4
281,2774,5,5,150,4
169,1661,5,6,183,4
206,1655,4,5,198,6
132,1932,5,5,178,5
166,1411,5,4,316,4
216,1247,5,4,213,4
381,3500,5,6,431,4
339,2939,5,5,143,5
196,1446,4,5,220,5
208,2049,5,5,125,5
179,3070,5,4,225,5
274,2702,5,5,297,5
187,1414,5,5,258,6
85,1400,4,5,98,5
148,2152,5,4,248,4
144,1965,5,5,207,5
102,1356,5,5,181,5
212,2777,5,5,241,4
190,1731,5,4,253,6
232,2236,5,5,242,5
104,2089,5,4,195,5
270,1787,5,4,280,6
378,2270,6,5,182,6
124,1487,4,4,108,4
235,2377,5,6,253,5
235,2757,5,5,250,4
338,2448,5,5,321,5
65,2412,5,5,213,7
246,2168,5,5,121,4
207,2819,6,4,255,5
92,2269,5,5,110,5
368,2815,5,5,148,5
259,1908,6,5,169,6
334,1315,4,5,443,5
231,1251,4,4,156,5
112,2195,5,6,294,6
272,1275,4,5,182,5
129,2041,5,5,193,4
220,3049,6,5,96,4
122,1225,5,5,101,4
260,2816,6,5,366,5
88,2515,5,5,230,5
195,2415,5,5,169,4
169,2215,3,4,149,6
260,2284,5,5,199,5
124,1481,5,5,292,6
247,2097,5,5,246,5
218,2014,5,4,169,4
90,2518,4,4,268,5
638,3001,4,5,400,5
198,3185,4,5,114,5
151,1604,5,4,240,4
176,1266,5,5,366,5
328,2759,5,5,175,4
376,2536,5,5,169,5
183,3127,5,5,196,5
258,2121,6,5,200,7
151,1638,4,5,230,6
188,2118,5,5,422,4
271,1713,4,5,176,5
117,2428,4,5,144,5
120,1798,5,6,176,5
140,2142,5,5,288,4
341,1355,4,5,172,4
165,2518,4,5,191,4
101,1964,4,5,376,5
223,1777,5,5,194,5
106,1619,6,5,169,5
147,2357,5,5,193,5
174,2785,5,5,271,5
211,1610,4,5,179,5
184,1075,5,5,112,5
134,1137,5,5,177,5
240,2894,5,5,296,5
172,3173,5,4,356,5
237,1695,5,5,189,3
260,1858,5,5,321,4
191,2610,5,6,115,5
199,2070,5,5,239,5
152,2170,5,5,266,5
279,1389,5,5,170,6
155,1347,4,4,137,4
169,2771,5,4,182,5
84,1604,5,6,155,5
338,1804,5,5,248,5
169,1388,5,5,261,5
158,2558,5,6,444,5
146,2202,4,5,238,6
382,1505,5,6,238,5
155,1901,5,5,191,6
107,1871,5,5,421,5
525,2325,5,5,191,4
134,1833,4,5,119,5
188,1977,4,5,323,5
629,1361,3,5,123,5
144,1845,6,5,323,4
133,2177,5,5,211,5
316,2873,4,5,213,5
342,2704,5,5,154,4
110,1639,3,5,185,5
133,1784,3,5,134,4
197,2086,5,5,583,4
115,1493,5,5,215,5
96,2197,5,5,174,5
254,2249,5,5,135,6
176,2235,4,5,197,5
204,2470,5,5,239,6
335,2064,4,5,242,7
133,2229,6,5,137,6
184,2037,5,5,232,5
240,1943,4,5,130,4
507,2155,5,6,139,5
305,1314,4,4,212,5
180,2895,6,5,322,6
116,2133,4,5,209,5
63,2343,5,5,209,5
140,2037,4,5,301,4
464,1468,5,6,437,5
212,1931,4,5,329,5
156,2837,5,4,224,5
209,2338,5,4,155,5
116,1781,6,5,178,6
302,1521,5,5,158,5
162,2669,4,5,293,4
256,1585,5,4,267,5
146,1656,5,5,196,5
128,2707,5,5,195,5
382,2543,5,5,273,4
273,2245,6,5,108,6
124,1958,4,5,93,4
124,2050,5,5,148,5
183,1931,6,5,172,4
266,2055,3,4,343,5
253,3574,4,5,146,4
125,1773,5,5,222,6
206,2336,6,5,399,5
343,2192,5,5,104,5
176,2220,5,5,216,5
223,1931,5,4,242,4
212,2625,6,5,273,6
424,1689,4,5,151,6
243,1693,6,5,156,4
220,1990,4,5,198,5
143,2034,7,6,165,4
127,1222,5,5,51,4
151,2141,5,5,320,5
369,2086,4,5,214,5
225,1446,5,5,126,5
247,2209,6,5,184,5
268,1601,4,5,233,5
299,1976,7,5,155,5
191,1376,4,4,283,5
186,1923,5,5,133,5
235,1789,4,4,90,4
101,1755,5,5,215,6
131,2881,5,5,222,4
278,3133,5,5,187,5
238,1760,4,4,316,6
358,1667,5,5,186,4
148,1972,5,5,244,4
172,2057,5,5,178,5
258,2272,5,5,170,4
128,1630,4,4,233,5
286,1977,6,5,422,5
91,1699,4,5,174,5
229,3114,4,5,155,6
104,2757,5,5,279,5
151,2138,4,5,157,6
292,2186,6,5,84,6
110,1582,5,4,344,4
122,1394,4,5,124,5
183,1802,5,4,143,4
242,2036,5,5,249,6
153,2127,6,5,109,6
231,1979,5,5,159,5
202,1902,5,5,102,6
366,3524,6,5,202,3
190,2544,5,5,164,5
179,1118,5,6,270,5
193,2584,5,5,268,4
119,1665,4,5,380,4
291,1671,5,5,218,4
168,2020,5,5,211,4
186,1454,5,5,156,6
215,1060,5,5,93,5
126,1576,5,5,240,4
227,2293,6,5,274,6
124,1781,5,4,127,4
263,1657,4,4,123,4
176,2458,3,5,181,4
147,2343,4,5,114,4
164,2192,5,4,156,4
106,1558,4,5,355,5
161,1874,5,5,202,5
147,2062,5,5,115,5
274,1712,4,5,59,4
171,2357,5,5,239,7
367,2348,4,5,172,5
227,1341,5,5,181,4
192,1911,5,4,159,4
80,1817,5,5,203,4
278,2196,4,4,191,4
127,1376,5,5,267,5
234,2273,5,5,188,6
141,2438,5,5,306,5
237,2356,5,5,220,5
314,3384,4,5,537,3
207,1891,5,5,189,4
172,1709,5,5,154,6
109,2586,4,5,211,4
213,1145,5,5,97,4
130,1800,4,5,103,4
248,1938,5,5,252,5
148,2323,6,6,149,4
148,2262,4,6,216,5
166,2636,5,6,219,5
235,1676,5,6,113,4
141,1942,4,5,317,5
209,2012,4,5,166,4
188,2092,5,4,92,5
262,1767,4,4,322,5
188,1982,6,5,121,3
149,1790,3,5,114,6
175,2489,6,4,112,5
204,2496,5,5,142,4
88,1719,5,5,170,4
155,1914,4,5,135,6
181,1708,6,4,201,5
184,2884,4,6,145,4
179,1278,4,5,262,5
132,2136,6,5,333,4
332,1571,4,6,170,4
273,2525,3,5,254,5
235,1570,4,5,182,4
148,2210,4,4,237,5
292,2798,6,5,244,4
66,1710,6,5,209,5
148,2062,4,5,122,4
105,2886,4,5,137,5
123,2723,5,6,213,6
275,1636,5,5,189,5
176,1546,5,5,161,6
140,2278,5,5,290,4
152,2142,5,5,157,6
154,1705,3,5,212,4
174,1785,4,4,116,4
75,2438,5,4,211,4
181,1958,4,5,211,4
250,1414,5,5,124,4
163,1190,6,5,103,5
145,1612,4,5,261,4
476,2738,5,6,359,5
315,1806,6,4,106,4
286,2124,6,5,271,5
144,1372,5,6,265,5
171,1593,6,5,256,5
572,2548,6,6,276,5
468,2865,5,5,152,4
165,2419,4,5,318,4
163,2069,5,4,133,5
121,2257,6,5,209,5
141,1275,5,5,193,5
226,2499,6,5,218,4
125,1253,6,4,194,5
245,1968,4,5,242,6
233,1517,5,4,104,4
141,2210,5,4,154,6
186,1884,4,6,310,5
173,2162,5,4,94,6
271,1747,6,5,154,5
441,1761,4,5,466,6
241,2512,5,6,151,5
173,1843,5,5,108,6
188,1726,5,5,164,4
334,2243,5,5,175,6
465,2183,4,5,289,5
265,1748,5,5,226,5
177,1510,4,4,229,4
118,1692,5,5,323,5
218,2886,5,5,215,6
162,1941,6,5,135,5
674,2071,5,5,178,5
152,3188,5,5,352,5
122,2660,5,5,352,5
235,1519,6,6,189,6
213,1377,5,5,146,5
206,1474,4,5,122,4
184,1952,5,4,117,4
209,1952,5,5,214,4
311,2276,4,5,137,5
212,2177,4,5,113,5
174,2218,5,4,114,5
171,1410,5,5,160,5
205,2050,5,4,231,4
187,1284,5,5,280,5
186,1499,6,6,236,4
142,1520,4,4,167,6
322,1990,4,5,298,5
124,1738,4,5,259,4
241,1658,5,5,110,5
117,2331,5,6,284,5
212,1419,4,5,115,5
213,1777,5,5,135,6
266,1778,5,5,165,4
233,1572,4,5,126,6
337,2104,5,5,152,5
153,1663,4,5,160,4
177,2109,5,6,243,5
198,2762,5,5,96,5
121,2266,4,5,331,4
206,2309,5,4,181,4
90,3665,4,5,170,4
162,2007,5,5,187,4
226,1331,5,5,139,5
83,1723,5,4,223,4
160,1660,6,5,228,5
242,1589,4,5,153,5
109,1778,6,6,159,5
176,1831,5,5,137,4
167,1704,5,4,110,4
70,1673,5,5,179,5
280,2411,4,5,82,4
129,2807,4,5,277,5
243,1357,5,5,225,6
199,2680,5,5,204,5
189,2531,5,5,214,5
243,2525,4,5,195,4
253,1896,5,5,195,5
192,2235,5,5,374,5
87,2932,4,4,188,4
227,2252,5,5,328,5
219,2178,6,6,169,5
123,2296,4,5,245,5
123,1574,4,4,337,5
216,2275,4,5,240,5
150,2254,5,5,252,6
214,2275,4,5,93,5
166,2602,6,5,172,4
123,1451,5,5,222,5
268,2821,5,4,315,4
168,1851,6,5,134,4
167,1840,6,5,112,5
226,1832,5,4,72,5
153,2165,5,5,132,4
129,1876,5,5,191,6
213,2307,5,5,180,4
254,2324,6,6,119,5
206,1433,4,5,237,5
94,1898,5,5,249,4
207,1758,6,4,152,6
207,2153,5,5,241,5
205,3245,5,5,279,5
246,2559,5,5,218,5
179,2191,4,5,322,4
305,1777,5,5,125,4
96,2446,4,4,222,4
120,1699,5,5,200,4
120,1071,5,4,73,6
106,1397,5,5,167,5
201,2557,6,5,354,4
148,2201,4,5,225,6
222,2008,5,4,282,6
392,1356,5,5,260,5
119,2148,5,5,203,5
308,1447,5,4,146,5
115,1399,4,5,94,6
345,1758,5,5,195,5
132,1665,5,4,166,5
153,1533,4,5,128,5
198,1955,6,5,678,6
241,2238,6,5,425,4
267,1627,5,4,351,5
94,2018,5,5,385,5
108,2021,4,5,125,4
323,1935,5,4,154,5
132,1822,5,5,98,5
200,2296,5,4,102,4
312,2701,4,5,264,4
255,1633,4,5,222,6
263,2664,7,5,165,6
141,1773,5,6,175,5
208,1535,3,5,142,5
105,2264,4,4,168,4
138,2150,5,5,168,6
374,2991,5,4,122,4
127,1629,4,5,273,5
225,2489,5,5,257,5
217,2970,5,4,307,4
105,2092,4,5,242,6
228,2508,4,5,256,3
250,2105,4,6,305,7
124,2619,5,4,161,5
213,2271,6,6,213,5
176,2201,5,5,203,5
133,2114,5,5,254,5
158,2631,6,5,173,5
253,3168,4,5,186,5
190,2468,5,5,249,4
369,1370,4,5,413,5
188,1758,4,5,131,4
200,1759,5,5,324,5
257,1493,5,5,151,5
228,2859,6,5,221,4
85,2053,5,5,305,4
476,1388,5,5,111,5
235,2993,5,5,234,4
138,1814,5,5,155,5
85,2477,4,5,219,4
222,1515,6,6,162,5
155,1347,4,5,118,4
254,1724,6,4,100,6
304,1546,5,5,175,5
224,2467,4,5,175,6
180,2415,4,6,387,4
121,2825,4,5,237,4
175,2016,5,4,206,6
161,1519,6,5,212,6
185,1367,4,5,234,5
209,1752,4,5,153,4
204,3146,5,4,249,4
118,1940,4,4,152,6
123,1581,5,5,125,5
309,2031,5,5,202,5
393,1667,5,5,133,5
175,1887,5,5,105,5
179,1946,5,5,248,4
162,1691,5,5,262,4
250,1823,5,5,143,5
150,1689,4,4,120,4
177,1906,6,5,128,4
205,2501,4,5,214,6
212,3815,6,5,273,5
215,2397,5,5,191,5
376,2364,4,5,96,5
215,3204,5,5,270,4
186,1153,4,5,134,5
171,2388,5,5,127,4
268,1455,5,5,270,5
216,1843,6,5,240,4
117,1444,5,4,174,4
305,1862,5,5,210,5
321,2522,4,4,216,4
169,2186,5,5,156,5
168,1956,5,5,203,6
131,3505,5,6,409,4
120,2231,5,5,218,5
144,1545,5,5,123,4
100,1911,5,5,156,5
191,1215,5,5,173,6
116,1311,4,4,232,4
227,2204,4,5,384,5
203,1928,5,5,214,5
133,2053,5,5,310,5
205,2172,4,5,98,5
106,2359,4,5,90,5
63,2451,5,5,202,5
164,3141,4,6,201,5
217,2054,5,5,163,5
128,2328,5,6,105,5
144,3245,5,5,178,4
135,2844,4,5,254,4
192,1767,4,5,145,5
191,2857,5,6,408,4
173,1946,5,5,360,5
301,1437,5,5,137,4
168,3331,5,5,202,5
218,1197,5,5,88,5
346,2926,5,5,440,3
139,1719,4,5,124,5
234,1951,4,5,202,5
95,2154,5,6,185,5
523,2129,6,5,129,5
176,1478,5,5,187,4
229,1474,6,4,162,5
286,1980,5,5,219,4
270,2169,5,5,193,5
137,2381,5,5,272,5
90,1081,4,5,128,4
156,1398,6,5,166,5
312,2186,4,5,202,4
202,2460,5,5,172,4
193,1648,5,5,163,5
283,3944,5,5,213,6
146,2203,4,5,320,5
174,2398,5,4,248,5
129,2627,4,5,126,4
189,2329,5,6,201,5
206,2128,6,5,227,5
104,2060,5,5,213,4
161,909,6,5,139,5
177,1313,5,5,108,4
137,1537,4,5,114,5
151,2326,4,5,217,5
173,2256,5,5,301,5
322,2011,6,6,645,6
218,1679,5,5,285,5
197,2186,4,5,304,4
149,1983,7,5,119,5
149,2438,4,5,281,5
241,1549,5,5,131,4
279,1229,4,5,141,5
400,1591,6,4,259,5
190,2180,4,5,112,5
135,3428,4,5,200,4
235,2676,4,5,135,6
125,1715,5,6,309,5
181,2524,6,5,241,5
219,1854,5,5,117,5
316,2911,5,5,230,5
244,3045,4,4,206,4
297,2348,5,4,73,4
112,2279,5,5,282,4
284,2418,5,5,262,5
307,2299,4,5,177,4
291,1769,5,5,197,5
137,2758,6,5,265,6
154,1428,5,4,128,5
220,2204,5,5,86,5
193,1845,4,5,216,5
316,1466,4,5,199,5
132,1363,5,5,111,6
326,2913,5,5,198,5
251,1355,5,5,162,5
197,1962,5,5,88,4
286,2624,4,5,190,5
310,2229,4,5,220,6
116,1655,5,5,129,4
224,2282,5,5,393,4
204,2246,5,5,219,4
169,2044,4,5,206,4
231,2161,5,5,349,5
257,1623,5,5,255,5
238,1145,5,4,175,5
229,1885,4,6,123,6
110,1733,4,5,225,3
251,1764,6,5,249,5
224,2265,5,4,163,4
216,1505,5,5,221,6
111,1724,4,6,96,5
134,2725,5,5,205,4
288,1410,4,4,359,5
140,1730,4,5,276,5
243,1870,5,5,174,4
211,1953,4,5,157,4
346,3145,6,5,281,4
200,2134,4,5,104,3
262,2707,5,5,155,6
249,2199,4,5,231,6
373,2527,6,5,152,5
164,1758,6,5,264,5
177,1721,4,5,334,4
138,1719,5,5,339,5
173,2234,5,5,308,4
266,1452,4,5,162,4
212,1763,5,5,128,5
180,2121,5,5,265,5
123,1693,5,5,134,5
92,1671,6,5,128,5
124,1774,4,5,133,4
233,2244,6,5,142,4
130,2186,4,5,301,4
376,2824,5,5,195,4
361,2005,5,5,309,6
244,1981,4,5,103,6
215,2703,4,5,213,5
78,1896,4,5,193,4
175,2441,5,5,213,5
294,1934,4,5,235,4
455,2315,5,5,128,4
176,1492,4,4,134,4
131,2472,5,5,141,4
129,1880,6,5,228,4
220,2058,5,5,194,5
501,2137,5,5,276,5
78,1754,5,4,111,6
258,2222,5,5,172,4
119,2287,6,5,90,5
157,1727,6,5,198,4
172,2086,6,5,154,5
174,2261,4,4,235,4
299,2712,5,5,184,4
160,3383,5,5,210,6
145,1862,6,5,392,5
205,2274,6,4,120,4
132,2287,6,6,298,4
287,1978,6,5,192,4
157,1257,5,5,130,4
208,1527,6,6,161,6
235,1971,4,5,162,6
284,2530,4,5,282,4
121,2773,4,5,146,5
253,1729,5,5,218,5
145,2320,5,5,277,5
140,2665,5,4,171,5
149,1880,5,5,215,5
172,1465,5,4,156,6
264,2415,5,6,254,6
209,2162,4,5,198,5
229,1959,5,5,181,4
349,1840,4,5,169,4
332,1244,4,5,178,4
270,1411,4,5,168,4
245,2172,4,6,177,5
91,1541,5,5,106,5
281,3022,5,5,208,5
278,1969,5,4,143,5
256,2407,5,4,290,4
291,1892,6,5,176,6
444,2733,5,4,139,4
266,1503,4,4,145,4
119,1307,5,5,208,5
188,2156,4,4,364,4
260,1653,5,5,385,5
179,2060,4,5,185,4
164,2010,4,4,384,4
349,2112,5,5,183,5
210,2159,4,5,361,6
86,2327,4,5,141,6
320,1863,5,5,184,5
245,1416,5,5,167,6
153,2386,5,5,337,5
226,2403,5,5,238,5
238,2319,5,4,71,4
192,2291,6,5,171,4
295,2799,5,6,198,6
188,1792,4,4,135,4
367,2250,5,5,365,6
60,3289,5,4,140,4
206,2242,4,5,167,5
303,2432,5,4,193,5
112,1598,4,5,181,5
280,1610,6,5,243,4
161,2776,5,5,151,4
131,2007,5,5,192,4
186,2611,4,5,183,4
337,1806,6,5,166,6
296,2399,5,4,183,4
273,1564,4,5,336,4
208,3278,5,5,143,5
305,2315,5,5,127,5
199,2017,6,5,186,4
67,1676,5,5,467,6
148,1562,4,5,253,4
314,2311,4,5,136,4
224,1901,5,4,119,5
560,1836,4,5,141,4
100,1625,5,5,295,4
335,2808,6,4,203,5
354,2292,5,5,262,5
151,1519,5,5,158,5
222,2229,6,6,229,5
486,2208,5,5,163,5
201,2173,3,5,105,5
165,1816,4,6,126,5
216,2811,6,5,108,4
204,1946,6,4,196,6
173,2048,5,5,151,6
493,2111,6,5,178,5
213,2901,6,5,227,5
144,1218,4,5,380,5
285,2645,4,6,142,4
235,2224,5,5,272,4
157,2205,5,6,151,6
271,2437,5,5,104,5
190,2134,4,5,108,3
185,2463,4,4,275,4
393,1549,7,5,163,5
166,3131,5,5,155,5
201,1787,5,5,173,5
246,1534,5,5,109,5
128,1489,5,5,100,5
108,2211,6,4,128,6
254,2759,5,5,288,5
149,1771,5,5,116,4
163,1584,5,5,112,5
148,2348,5,6,320,5
275,3281,5,4,183,5
187,1901,5,5,126,5
195,1958,4,4,282,4
81,1697,5,5,424,5
141,2427,5,5,211,5
144,2934,3,5,263,5
119,1831,4,5,138,6
123,2674,6,4,121,6
272,2064,5,5,140,5
278,1237,5,4,243,4
363,1910,5,5,290,4
216,1431,5,5,291,5
169,1185,5,5,141,4
285,2236,5,5,266,6
225,2064,4,5,280,5
179,2682,5,5,173,6
170,1787,6,4,178,5
276,1703,4,5,318,4
128,1654,5,5,188,4
214,2685,4,5,191,4
336,3633,4,4,223,6
154,2130,4,5,236,6
162,1761,5,4,240,4
212,2055,5,6,176,5
239,1289,5,5,145,5
179,1859,5,5,260,5
256,2045,4,5,111,5
175,1969,5,6,111,4
185,1603,6,4,285,4
139,2199,4,4,150,4
250,2831,6,4,243,5
154,1807,4,5,253,5
130,1703,5,4,359,5
230,2675,4,5,213,4
222,2500,5,4,76,5
184,2184,6,5,381,5
249,3586,5,5,256,5
111,1725,4,5,161,5
176,1586,5,4,183,4
93,2400,5,5,147,5
388,2018,4,5,143,5
195,2396,6,5,299,6
270,1812,6,5,187,5
379,2430,5,5,361,5
300,1646,5,5,222,5
228,2412,5,5,335,5
180,2279,6,5,198,4
380,3183,6,6,238,6
98,2158,5,5,269,4
373,1911,5,5,145,4
84,2645,4,4,164,5
195,1877,5,6,156,7
73,1314,3,5,103,5
241,2472,5,5,335,4
213,1844,4,5,171,4
153,2229,4,5,97,5
237,1886,5,6,304,5
262,2344,4,5,96,5
168,1139,6,5,178,4
203,2128,4,5,252,6
388,1517,5,5,107,5
64,1841,5,5,137,5
119,2761,4,5,139,5
384,1001,5,5,237,6
202,2206,4,4,171,5
115,2311,5,5,237,6
105,1279,5,4,322,5
267,1771,4,5,279,5
284,1389,5,5,180,4
186,2568,6,5,253,5
194,1889,4,5,356,5
240,1614,5,5,149,5
325,1478,5,5,242,5
121,2159,5,5,108,5
125,1658,5,5,202,5
249,1595,4,4,331,4
340,1623,7,5,331,5
193,2732,5,5,291,4
167,1322,4,5,330,6
150,2201,5,5,264,5
268,2146,5,5,78,5
192,1735,5,5,160,4
367,2267,6,5,212,5
122,2761,6,6,131,4
175,2309,5,5,167,4
181,1919,5,5,189,7
300,2066,5,5,228,5
199,1821,5,5,91,4
237,1816,5,5,167,5
154,2302,4,6,113,5
145,1530,6,5,151,4
203,2177,7,5,213,5
145,1786,4,5,230,5
94,2279,5,5,187,4
160,1870,4,6,162,5
210,3169,5,5,204,5
388,2538,6,4,177,4
208,952,6,4,252,6
138,1897,4,5,89,4
81,2596,6,6,153,3
240,2304,5,4,184,6
129,1851,5,5,144,6
382,1638,5,5,83,3
296,2268,5,5,204,5
217,1825,5,5,200,4
94,2843,5,5,240,4
318,1598,4,5,138,5
159,2268,7,5,242,4
164,2605,5,5,169,4
171,1573,4,5,159,4
191,1493,4,4,101,5
153,1609,4,5,216,5
226,1146,4,6,180,4
204,1806,4,5,121,5
242,1639,6,5,191,4
203,1705,5,5,348,4
205,1936,4,5,293,4
182,2494,4,5,192,6
148,2057,4,5,139,4
486,1734,6,6,270,5
245,2354,5,5,176,4
139,2238,5,5,133,5
308,1855,4,4,133,5
258,2002,5,4,232,4
98,2448,5,5,359,4
229,2202,4,5,148,6
121,2254,4,6,141,6
177,1984,6,5,150,4
60,2206,5,5,294,6
198,2234,4,5,328,4
220,1897,4,5,101,4
152,1857,4,5,158,5
150,2581,5,5,133,6
123,2463,6,5,165,4
174,2391,5,4,144,5
95,1423,5,5,199,6
215,2086,5,5,278,5
182,1428,5,5,226,5
368,2096,5,5,69,4
162,2055,4,5,420,5
164,1777,5,5,160,5
164,1494,4,5,203,5
163,2164,5,5,164,6
140,1947,5,5,118,5
327,2455,6,5,192,7
172,1789,5,5,167,5
167,1539,4,5,144,4
137,2052,5,5,178,5
156,1855,4,4,84,5
270,2988,5,5,147,6
228,2028,5,5,256,5
265,1683,4,6,244,4
142,2170,5,5,182,5
186,2234,5,5,267,5
193,2127,5,5,203,4
193,1752,4,4,236,6
280,1808,5,5,178,6
228,2548,5,5,232,6
290,1590,5,6,202,5
147,1911,5,5,231,4
134,2955,5,4,239,5
188,1600,5,4,145,5
201,1777,4,5,93,4
284,3094,5,5,153,4
193,2466,5,5,169,4
169,2229,4,6,358,4
97,1745,4,5,177,4
185,1912,5,5,244,5
124,2249,4,4,358,5
205,2053,4,6,435,5
189,2250,3,5,250,4
286,2233,4,5,154,4
244,3014,4,5,231,6
229,2489,4,5,163,5
182,1796,4,4,206,5
196,1806,4,5,164,4
131,1800,5,5,173,4
148,2289,5,5,246,4
234,3230,5,5,196,5
147,1888,5,5,100,4
173,2550,5,4,137,5
163,2820,5,6,296,5
153,1455,6,4,227,4
167,1613,5,6,140,5
197,1785,4,5,153,4
188,2159,4,5,272,5
267,2075,5,5,333,4
291,1761,5,5,138,6
90,1589,5,5,180,4
308,3009,7,4,133,4
223,2347,4,5,171,4
258,2629,4,5,319,4
105,1662,4,5,293,6
184,3393,4,5,308,5
218,2312,5,4,116,5
297,2877,5,5,264,5
263,1488,4,5,116,4
203,1960,4,5,174,5
193,2392,4,5,214,4
199,1579,4,5,187,4
266,2135,5,4,209,5
223,1390,5,5,58,5
172,1393,4,5,146,5
105,2480,6,5,277,6
142,2113,4,6,121,5
243,1794,7,5,209,5
222,2021,3,5,277,3
210,2322,6,6,349,5
262,2368,5,5,380,4
204,1527,5,5,223,4
111,2288,4,5,207,4
130,1930,5,4,133,5
157,2105,5,5,291,5
280,3094,6,5,223,5
242,2253,5,5,247,4
261,1451,5,5,192,5
148,2000,6,4,77,5
148,2108,6,5,165,4
344,1395,4,6,251,5
262,1198,7,5,155,5
170,2312,5,5,186,5
111,2696,5,5,312,5
126,2198,4,5,153,5
260,2210,5,5,93,4
163,2044,4,5,406,4
160,2556,5,5,215,4
184,2047,5,5,180,5
199,1135,5,6,234,4
409,2137,5,4,245,4
142,2556,6,6,290,5
136,1364,4,5,298,5
104,3580,4,4,198,4
213,2270,5,5,180,5
274,1547,5,5,84,5
138,2517,5,5,292,6
145,1636,4,5,457,5
191,1860,4,5,227,5
196,1630,5,5,196,6
210,2232,6,4,258,4
252,1867,4,5,122,6
105,2892,5,5,229,4
262,1919,6,5,262,4
109,1857,4,5,92,5
205,2551,5,5,95,5
132,2290,6,4,264,4
176,1639,4,4,350,4
328,2955,5,5,226,4
271,2471,5,5,179,4
158,1789,5,4,142,7
235,1835,5,5,328,6
138,3013,6,5,223,5
171,2505,5,5,173,5
185,1787,4,5,170,4
153,2386,5,4,373,5
152,1784,6,5,220,4
123,2621,5,5,94,5
199,2528,5,5,355,4
325,2186,5,5,319,4
259,2397,5,6,190,5
144,1759,4,6,224,4
136,2414,5,5,228,6
139,1440,4,5,198,4
354,1884,4,5,126,4
79,1827,5,5,188,4
209,2777,5,4,200,6
215,2623,4,5,169,6
230,1608,4,5,242,5
234,1299,5,4,199,5
196,1499,5,5,139,5
113,2572,5,5,268,6
350,1915,5,5,131,5
146,1967,4,5,341,4
184,1702,5,5,204,5
163,2236,3,5,260,5
113,1667,5,4,200,6
104,1667,6,5,189,5
204,1986,6,5,94,5
183,2972,5,5,223,6
188,1939,5,5,465,5
161,1729,4,4,165,5
174,2212,5,5,224,4
123,2404,6,5,255,6
124,2445,5,5,204,5
178,1354,5,4,234,4
341,1901,5,5,286,5
137,2041,4,5,268,4
195,2124,5,6,171,5
91,2244,6,4,300,5
88,1945,5,5,118,6
155,2806,5,6,309,6
325,1794,4,5,88,5
182,2704,6,4,233,5
161,1921,6,5,165,3
168,2623,5,5,282,5
137,1975,4,5,146,4
136,3164,5,5,209,5
222,1671,4,4,116,4
180,3010,4,5,179,4
211,2395,5,5,197,5
166,1288,5,5,222,5
158,2016,5,5,162,5
246,1871,5,5,103,4
141,2609,5,6,231,5
219,2019,5,5,199,5
361,2464,6,4,188,6
240,1705,5,5,244,4
176,1932,6,5,118,5
175,2303,7,5,345,5
241,1641,6,4,225,5
396,1738,5,5,181,5
245,2348,5,5,240,5
191,2012,5,4,130,5
171,2699,5,5,174,5
355,2654,5,5,75,5
287,3218,5,5,153,5
168,1942,4,5,149,3
240,1533,5,5,130,6
120,2192,5,5,101,6
179,1795,5,5,134,4
70,2007,3,5,71,6
238,2171,4,5,229,5
151,1445,4,5,146,4
466,2248,5,5,516,6
